coil_id,seq,roll_set,furnace_temp_c,rolling_force_ton,roll_gap_mm,exit_thickness_mm,coiler_tension_kn,motor_current_a
C0001,1,1,1238.8,1056.7,2.552,2.303,55.7,1724.4
C0001,2,1,1239.1,1047.0,2.545,2.293,58.1,1760.9
C0001,3,1,1238.2,1052.7,2.553,2.301,60.1,1726.6
C0001,4,1,1236.5,1045.7,2.563,2.3,57.3,1752.3
C0001,5,1,1236.1,1076.4,2.572,2.307,57.8,1742.2
C0001,6,1,1235.2,1042.6,2.537,2.307,57.4,1778.4
C0001,7,1,1238.0,1044.7,2.561,2.307,59.6,1756.5
C0001,8,1,1235.3,1040.1,2.552,2.308,55.9,1759.3
C0001,9,1,1238.3,1050.0,2.541,2.294,58.3,1738.7
C0001,10,1,1231.3,1058.7,2.548,2.302,56.2,1751.9
C0001,11,1,1234.9,1071.2,2.543,2.308,57.9,1771.0
C0001,12,1,1234.8,1055.0,2.542,2.308,55.4,1734.2
C0001,13,1,1237.2,1065.6,2.549,2.295,57.4,1767.5
C0001,14,1,1238.5,1069.7,2.546,2.304,59.2,1763.3
C0001,15,1,1236.7,1046.7,2.544,2.297,57.6,1755.8
C0001,16,1,1232.8,1051.9,2.559,2.296,57.8,1744.9
C0001,17,1,1236.7,1049.8,2.546,2.299,58.9,1752.4
C0001,18,1,1238.9,1058.2,2.526,2.307,58.4,1756.1
C0001,19,1,1234.5,1051.6,2.55,2.303,54.9,1738.3
C0001,20,1,1233.1,1062.0,2.557,2.303,58.3,1733.2
C0001,21,1,1234.7,1067.2,2.546,2.308,58.9,1743.7
C0001,22,1,1236.4,1040.8,2.553,2.296,56.6,1740.1
C0001,23,1,1235.2,1050.8,2.55,2.289,57.6,1731.3
C0001,24,1,1236.1,1056.8,2.527,2.284,58.0,1731.3
C0001,25,1,1234.9,1048.7,2.515,2.304,57.1,1722.1
C0001,26,1,1236.4,1052.9,2.548,2.303,57.6,1758.5
C0001,27,1,1235.7,1055.0,2.547,2.302,57.6,1769.9
C0001,28,1,1243.0,1050.0,2.541,2.303,59.4,1762.1
C0001,29,1,1229.1,1053.8,2.545,2.291,58.7,1741.7
C0001,30,1,1236.1,1058.7,2.533,2.308,57.2,1702.2
C0002,1,1,1238.2,1049.6,2.55,2.298,57.5,1761.4
C0002,2,1,1246.1,1064.3,2.533,2.297,57.0,1748.0
C0002,3,1,1239.6,1049.9,2.531,2.304,56.3,1743.0
C0002,4,1,1238.1,1061.0,2.554,2.307,57.5,1750.3
C0002,5,1,1237.2,1037.3,2.54,2.306,57.5,1776.2
C0002,6,1,1239.7,1046.2,2.532,2.298,58.9,1761.5
C0002,7,1,1239.0,1058.4,2.55,2.304,59.5,1778.8
C0002,8,1,1239.4,1063.1,2.554,2.288,57.4,1743.9
C0002,9,1,1231.0,1062.9,2.549,2.308,56.3,1751.8
C0002,10,1,1238.0,1053.2,2.539,2.307,56.4,1766.8
C0002,11,1,1236.0,1056.3,2.522,2.303,58.4,1778.5
C0002,12,1,1241.4,1044.6,2.55,2.308,58.8,1767.4
C0002,13,1,1235.5,1064.9,2.544,2.306,57.4,1739.8
C0002,14,1,1245.5,1067.6,2.547,2.302,57.2,1758.6
C0002,15,1,1243.8,1052.3,2.578,2.305,58.2,1767.1
C0002,16,1,1235.8,1062.6,2.538,2.299,58.1,1754.5
C0002,17,1,1237.5,1079.5,2.543,2.305,56.1,1754.5
C0002,18,1,1236.7,1041.0,2.534,2.295,57.5,1756.3
C0002,19,1,1239.0,1058.8,2.533,2.302,58.2,1775.7
C0002,20,1,1236.2,1056.2,2.54,2.311,59.7,1742.7
C0002,21,1,1239.4,1046.7,2.556,2.296,60.0,1751.8
C0002,22,1,1242.2,1057.0,2.549,2.3,55.9,1773.9
C0002,23,1,1233.7,1057.2,2.544,2.291,59.8,1732.1
C0002,24,1,1240.4,1050.1,2.545,2.3,57.2,1727.8
C0002,25,1,1247.0,1060.8,2.572,2.311,58.6,1776.5
C0002,26,1,1242.4,1066.5,2.542,2.297,57.1,1753.7
C0002,27,1,1234.3,1048.5,2.538,2.286,57.2,1776.7
C0002,28,1,1243.2,1042.2,2.552,2.297,57.7,1740.4
C0002,29,1,1239.5,1063.6,2.554,2.298,59.6,1767.7
C0002,30,1,1239.0,1053.0,2.547,2.285,58.8,1781.1
C0003,1,1,1232.0,1071.4,2.532,2.301,57.7,1751.2
C0003,2,1,1230.0,1044.5,2.524,2.307,58.1,1782.4
C0003,3,1,1229.5,1062.2,2.538,2.298,57.1,1745.4
C0003,4,1,1236.8,1069.3,2.535,2.312,58.4,1765.5
C0003,5,1,1232.5,1068.3,2.541,2.312,56.7,1773.0
C0003,6,1,1233.1,1050.3,2.55,2.293,56.3,1756.5
C0003,7,1,1231.3,1055.9,2.536,2.296,59.7,1752.4
C0003,8,1,1234.6,1056.1,2.538,2.306,58.5,1738.6
C0003,9,1,1223.8,1076.3,2.523,2.306,59.4,1775.5
C0003,10,1,1227.5,1067.3,2.564,2.306,56.5,1769.0
C0003,11,1,1228.2,1064.5,2.527,2.306,58.3,1782.1
C0003,12,1,1227.4,1072.1,2.546,2.3,57.9,1763.2
C0003,13,1,1228.4,1062.6,2.522,2.302,57.9,1762.0
C0003,14,1,1228.3,1059.8,2.544,2.299,56.6,1760.3
C0003,15,1,1235.7,1066.4,2.531,2.295,60.4,1752.7
C0003,16,1,1228.5,1062.3,2.528,2.296,57.9,1760.2
C0003,17,1,1223.5,1054.5,2.535,2.292,58.0,1765.2
C0003,18,1,1229.2,1074.1,2.547,2.306,59.4,1748.6
C0003,19,1,1228.3,1069.8,2.561,2.3,56.1,1758.4
C0003,20,1,1232.3,1065.6,2.531,2.291,60.8,1762.3
C0003,21,1,1228.4,1062.7,2.551,2.288,56.2,1753.9
C0003,22,1,1229.4,1077.7,2.538,2.306,56.1,1762.6
C0003,23,1,1233.0,1070.1,2.541,2.296,57.5,1777.0
C0003,24,1,1229.4,1066.5,2.526,2.298,58.7,1760.7
C0003,25,1,1228.6,1054.1,2.558,2.289,60.1,1766.0
C0003,26,1,1231.7,1058.1,2.569,2.291,57.5,1785.8
C0003,27,1,1226.0,1051.1,2.555,2.29,57.7,1762.3
C0003,28,1,1232.2,1058.6,2.53,2.304,57.8,1771.9
C0003,29,1,1234.6,1066.5,2.535,2.31,55.3,1749.8
C0003,30,1,1232.2,1055.3,2.526,2.308,58.5,1778.4
C0004,1,1,1232.2,1067.9,2.532,2.305,56.1,1759.6
C0004,2,1,1232.9,1064.8,2.518,2.291,59.1,1769.9
C0004,3,1,1233.3,1076.2,2.534,2.315,57.8,1744.5
C0004,4,1,1237.7,1075.4,2.536,2.295,56.0,1773.2
C0004,5,1,1231.5,1069.0,2.539,2.3,58.5,1757.1
C0004,6,1,1238.8,1073.3,2.519,2.299,58.3,1752.3
C0004,7,1,1242.1,1071.4,2.534,2.3,58.6,1773.0
C0004,8,1,1235.7,1065.0,2.528,2.309,59.1,1775.0
C0004,9,1,1238.3,1056.7,2.534,2.285,57.9,1782.7
C0004,10,1,1240.6,1070.5,2.543,2.291,58.3,1779.7
C0004,11,1,1234.1,1079.3,2.549,2.296,61.0,1775.1
C0004,12,1,1238.9,1059.0,2.524,2.305,58.3,1762.5
C0004,13,1,1238.5,1071.8,2.535,2.288,57.5,1788.7
C0004,14,1,1231.1,1082.9,2.532,2.29,58.3,1764.7
C0004,15,1,1236.8,1061.4,2.535,2.301,58.9,1747.7
C0004,16,1,1235.6,1079.1,2.541,2.3,59.0,1743.3
C0004,17,1,1235.8,1079.7,2.547,2.308,59.1,1780.3
C0004,18,1,1233.6,1084.4,2.536,2.305,60.6,1762.5
C0004,19,1,1232.7,1072.6,2.547,2.297,59.5,1782.3
C0004,20,1,1231.1,1073.1,2.523,2.296,58.6,1757.0
C0004,21,1,1235.2,1063.3,2.544,2.3,58.2,1754.9
C0004,22,1,1239.3,1075.8,2.511,2.312,57.9,1759.5
C0004,23,1,1233.2,1074.2,2.546,2.301,59.6,1777.8
C0004,24,1,1236.3,1079.5,2.534,2.29,58.5,1772.7
C0004,25,1,1236.6,1060.5,2.513,2.289,55.8,1773.7
C0004,26,1,1239.5,1063.2,2.529,2.295,56.2,1752.0
C0004,27,1,1238.0,1082.8,2.524,2.308,59.5,1745.2
C0004,28,1,1232.9,1066.4,2.553,2.294,58.8,1768.1
C0004,29,1,1233.5,1073.3,2.537,2.302,57.1,1786.6
C0004,30,1,1231.7,1069.4,2.526,2.302,56.2,1757.0
C0005,1,1,1229.3,1070.6,2.542,2.291,57.7,1761.5
C0005,2,1,1232.7,1090.6,2.523,2.311,58.5,1744.7
C0005,3,1,1235.0,1071.2,2.536,2.297,57.7,1751.6
C0005,4,1,1231.3,1068.4,2.557,2.305,58.9,1798.2
C0005,5,1,1227.7,1074.4,2.534,2.303,56.9,1759.7
C0005,6,1,1227.6,1069.0,2.54,2.296,59.4,1776.6
C0005,7,1,1233.3,1093.8,2.54,2.302,58.0,1780.3
C0005,8,1,1229.6,1058.3,2.528,2.306,57.3,1764.2
C0005,9,1,1232.0,1070.1,2.544,2.293,58.5,1771.5
C0005,10,1,1232.7,1076.0,2.535,2.299,56.8,1768.9
C0005,11,1,1228.6,1068.1,2.537,2.288,57.6,1772.4
C0005,12,1,1233.2,1064.0,2.524,2.3,58.1,1788.9
C0005,13,1,1234.5,1087.3,2.548,2.311,58.4,1759.7
C0005,14,1,1231.7,1077.2,2.522,2.294,58.3,1759.5
C0005,15,1,1232.0,1067.1,2.532,2.313,58.8,1792.1
C0005,16,1,1233.7,1080.7,2.53,2.294,58.1,1771.7
C0005,17,1,1230.8,1083.4,2.53,2.311,58.5,1794.5
C0005,18,1,1235.8,1078.9,2.543,2.301,59.6,1763.8
C0005,19,1,1232.8,1072.5,2.526,2.316,58.6,1774.5
C0005,20,1,1224.0,1078.7,2.526,2.297,58.4,1761.5
C0005,21,1,1234.0,1067.0,2.523,2.306,56.4,1773.0
C0005,22,1,1234.8,1063.2,2.52,2.311,55.4,1765.0
C0005,23,1,1232.7,1076.3,2.534,2.291,58.2,1768.1
C0005,24,1,1230.4,1094.8,2.546,2.293,57.4,1761.5
C0005,25,1,1229.4,1073.4,2.526,2.303,58.5,1781.3
C0005,26,1,1232.1,1055.9,2.541,2.318,57.1,1768.7
C0005,27,1,1233.4,1084.5,2.526,2.293,58.9,1761.7
C0005,28,1,1234.2,1074.4,2.54,2.311,57.5,1762.0
C0005,29,1,1231.1,1073.9,2.517,2.305,57.5,1781.6
C0005,30,1,1234.0,1075.5,2.52,2.299,59.4,1743.5
C0006,1,1,1235.1,1086.8,2.541,2.306,56.0,1777.6
C0006,2,1,1236.3,1092.5,2.53,2.307,57.0,1786.2
C0006,3,1,1233.9,1096.8,2.512,2.302,57.1,1786.4
C0006,4,1,1240.0,1092.1,2.532,2.316,59.1,1771.3
C0006,5,1,1235.9,1073.8,2.541,2.305,58.0,1765.3
C0006,6,1,1236.1,1090.6,2.52,2.271,58.3,1751.4
C0006,7,1,1235.5,1108.5,2.51,2.307,55.9,1773.9
C0006,8,1,1237.3,1086.8,2.534,2.303,56.7,1743.7
C0006,9,1,1232.1,1087.6,2.519,2.297,59.1,1779.8
C0006,10,1,1230.3,1085.3,2.513,2.298,56.1,1746.2
C0006,11,1,1234.5,1084.7,2.517,2.303,59.5,1799.9
C0006,12,1,1238.6,1088.9,2.516,2.293,58.4,1746.8
C0006,13,1,1235.1,1083.2,2.529,2.299,58.7,1790.7
C0006,14,1,1238.0,1075.9,2.488,2.29,58.8,1797.9
C0006,15,1,1234.7,1083.7,2.524,2.291,57.7,1757.5
C0006,16,1,1238.2,1076.8,2.519,2.3,57.9,1776.0
C0006,17,1,1229.3,1100.4,2.515,2.292,58.1,1781.1
C0006,18,1,1235.9,1081.5,2.523,2.295,59.1,1777.6
C0006,19,1,1230.9,1085.0,2.549,2.3,57.9,1773.4
C0006,20,1,1235.8,1089.7,2.529,2.31,59.7,1767.1
C0006,21,1,1234.1,1082.6,2.538,2.302,59.6,1769.2
C0006,22,1,1238.0,1082.5,2.539,2.299,59.7,1779.8
C0006,23,1,1236.1,1080.4,2.52,2.298,57.9,1749.7
C0006,24,1,1235.6,1092.2,2.521,2.308,59.5,1768.1
C0006,25,1,1232.0,1085.1,2.511,2.307,58.1,1771.9
C0006,26,1,1238.0,1079.9,2.527,2.295,57.0,1752.7
C0006,27,1,1239.1,1064.4,2.538,2.296,58.3,1736.6
C0006,28,1,1241.6,1077.8,2.535,2.295,60.5,1768.1
C0006,29,1,1235.1,1093.6,2.529,2.294,58.3,1759.6
C0006,30,1,1236.4,1100.9,2.512,2.309,56.8,1767.4
C0007,1,1,1234.9,1092.7,2.517,2.297,57.1,1765.9
C0007,2,1,1240.7,1116.9,2.519,2.307,57.0,1746.3
C0007,3,1,1243.4,1087.9,2.521,2.294,58.3,1777.1
C0007,4,1,1243.5,1104.8,2.517,2.31,55.9,1797.7
C0007,5,1,1245.1,1098.8,2.514,2.28,58.6,1792.5
C0007,6,1,1241.3,1097.3,2.514,2.311,58.3,1777.9
C0007,7,1,1238.3,1083.7,2.511,2.293,57.3,1796.1
C0007,8,1,1241.9,1077.6,2.521,2.31,57.3,1761.1
C0007,9,1,1241.0,1083.0,2.516,2.305,59.1,1772.2
C0007,10,1,1237.6,1080.8,2.512,2.306,58.6,1766.2
C0007,11,1,1242.6,1075.2,2.518,2.285,58.4,1792.4
C0007,12,1,1241.7,1080.2,2.507,2.292,59.5,1791.7
C0007,13,1,1240.3,1093.9,2.533,2.284,56.9,1779.5
C0007,14,1,1241.8,1073.6,2.519,2.301,58.5,1757.1
C0007,15,1,1241.9,1094.6,2.516,2.296,58.3,1783.3
C0007,16,1,1244.8,1093.5,2.5,2.306,56.7,1774.7
C0007,17,1,1243.1,1102.6,2.523,2.283,59.8,1776.2
C0007,18,1,1237.3,1103.2,2.507,2.297,59.3,1769.9
C0007,19,1,1244.7,1087.8,2.511,2.295,58.5,1759.7
C0007,20,1,1242.2,1076.8,2.527,2.295,56.0,1778.5
C0007,21,1,1243.4,1096.6,2.534,2.305,57.8,1772.4
C0007,22,1,1239.6,1077.2,2.519,2.297,59.5,1763.9
C0007,23,1,1241.4,1093.5,2.52,2.295,56.2,1754.2
C0007,24,1,1246.4,1093.3,2.531,2.303,60.1,1765.3
C0007,25,1,1241.5,1097.0,2.499,2.296,60.0,1781.2
C0007,26,1,1245.8,1078.4,2.518,2.297,59.5,1749.6
C0007,27,1,1237.2,1079.1,2.535,2.311,56.3,1767.0
C0007,28,1,1239.1,1103.2,2.505,2.302,56.6,1771.2
C0007,29,1,1244.4,1076.2,2.533,2.297,58.4,1770.9
C0007,30,1,1239.0,1081.4,2.506,2.31,58.1,1791.8
C0008,1,1,1236.3,1098.7,2.518,2.287,57.3,1775.4
C0008,2,1,1240.6,1099.6,2.498,2.307,59.2,1776.8
C0008,3,1,1238.6,1107.5,2.529,2.302,59.6,1792.7
C0008,4,1,1235.5,1091.1,2.507,2.304,58.4,1795.8
C0008,5,1,1240.6,1102.7,2.511,2.309,58.8,1758.9
C0008,6,1,1243.6,1095.9,2.524,2.307,58.5,1775.7
C0008,7,1,1241.1,1100.8,2.51,2.302,59.5,1806.9
C0008,8,1,1236.7,1078.5,2.523,2.28,57.9,1792.3
C0008,9,1,1243.0,1101.7,2.522,2.308,60.5,1799.8
C0008,10,1,1236.2,1091.8,2.504,2.291,59.4,1767.2
C0008,11,1,1241.4,1100.9,2.518,2.306,57.5,1811.1
C0008,12,1,1235.6,1093.0,2.526,2.299,58.0,1772.2
C0008,13,1,1234.0,1088.7,2.528,2.287,57.8,1787.1
C0008,14,1,1235.7,1100.4,2.52,2.3,57.4,1760.1
C0008,15,1,1241.1,1096.7,2.524,2.291,57.8,1763.0
C0008,16,1,1237.9,1097.8,2.498,2.301,58.2,1797.1
C0008,17,1,1240.9,1097.4,2.537,2.281,58.5,1792.0
C0008,18,1,1238.4,1113.3,2.526,2.307,59.4,1758.1
C0008,19,1,1239.6,1099.6,2.512,2.301,56.6,1781.0
C0008,20,1,1239.4,1102.8,2.501,2.305,57.3,1775.1
C0008,21,1,1240.6,1093.7,2.515,2.296,57.7,1809.9
C0008,22,1,1241.7,1106.3,2.527,2.297,58.9,1795.1
C0008,23,1,1239.7,1100.2,2.534,2.284,59.5,1773.5
C0008,24,1,1240.6,1112.1,2.505,2.293,58.0,1776.9
C0008,25,1,1237.6,1094.0,2.525,2.288,59.6,1760.9
C0008,26,1,1241.6,1106.4,2.507,2.311,57.8,1774.9
C0008,27,1,1242.8,1111.4,2.52,2.303,57.7,1768.8
C0008,28,1,1240.2,1092.6,2.509,2.31,59.5,1783.2
C0008,29,1,1238.8,1102.5,2.546,2.298,57.3,1789.1
C0008,30,1,1235.4,1101.2,2.496,2.281,60.8,1798.3
C0009,1,1,1230.4,1121.5,2.532,2.3,57.7,1802.7
C0009,2,1,1237.2,1105.9,2.508,2.318,57.5,1786.3
C0009,3,1,1226.3,1109.1,2.507,2.299,57.3,1766.5
C0009,4,1,1233.4,1117.9,2.524,2.297,57.7,1774.8
C0009,5,1,1234.9,1124.9,2.52,2.313,57.9,1780.7
C0009,6,1,1233.0,1105.3,2.508,2.311,59.1,1777.6
C0009,7,1,1230.4,1115.2,2.531,2.291,57.9,1789.3
C0009,8,1,1234.3,1095.2,2.498,2.3,55.7,1794.1
C0009,9,1,1232.7,1106.1,2.522,2.294,61.3,1789.8
C0009,10,1,1226.0,1106.0,2.505,2.285,57.5,1807.8
C0009,11,1,1236.5,1095.3,2.498,2.3,58.0,1771.4
C0009,12,1,1232.9,1101.5,2.525,2.304,58.5,1792.6
C0009,13,1,1237.1,1102.6,2.503,2.293,58.3,1822.0
C0009,14,1,1230.3,1106.4,2.511,2.3,58.5,1800.5
C0009,15,1,1232.2,1098.0,2.501,2.315,59.1,1809.0
C0009,16,1,1230.2,1103.5,2.521,2.296,58.0,1778.3
C0009,17,1,1233.0,1085.1,2.522,2.308,57.6,1776.8
C0009,18,1,1235.2,1099.7,2.525,2.326,56.8,1793.1
C0009,19,1,1231.3,1098.7,2.513,2.297,56.9,1785.6
C0009,20,1,1230.8,1098.6,2.504,2.301,58.2,1787.3
C0009,21,1,1231.7,1107.1,2.525,2.31,58.5,1764.6
C0009,22,1,1234.7,1098.5,2.524,2.318,57.2,1785.9
C0009,23,1,1234.6,1086.7,2.505,2.298,58.0,1775.2
C0009,24,1,1231.0,1111.3,2.508,2.295,58.3,1813.0
C0009,25,1,1235.8,1106.8,2.53,2.301,58.5,1789.2
C0009,26,1,1232.5,1095.2,2.503,2.303,58.9,1805.3
C0009,27,1,1231.6,1093.7,2.52,2.302,58.1,1789.0
C0009,28,1,1238.7,1113.6,2.516,2.313,57.5,1779.4
C0009,29,1,1234.5,1093.8,2.508,2.295,58.2,1783.9
C0009,30,1,1236.4,1128.2,2.516,2.286,57.1,1787.0
C0010,1,1,1237.6,1103.2,2.502,2.298,57.7,1792.5
C0010,2,1,1243.5,1117.8,2.518,2.294,58.5,1804.7
C0010,3,1,1241.8,1113.1,2.504,2.3,59.2,1799.5
C0010,4,1,1241.4,1118.7,2.526,2.303,57.9,1788.5
C0010,5,1,1245.3,1104.4,2.516,2.289,56.7,1774.4
C0010,6,1,1243.9,1127.7,2.493,2.299,60.2,1814.4
C0010,7,1,1243.5,1101.0,2.512,2.299,57.6,1811.0
C0010,8,1,1240.0,1109.6,2.499,2.293,56.9,1810.2
C0010,9,1,1239.3,1106.1,2.491,2.323,56.8,1793.5
C0010,10,1,1238.5,1113.7,2.503,2.293,57.9,1809.0
C0010,11,1,1240.0,1098.0,2.51,2.303,58.7,1817.3
C0010,12,1,1241.5,1109.2,2.52,2.307,57.9,1815.7
C0010,13,1,1240.4,1115.6,2.502,2.304,57.7,1795.4
C0010,14,1,1244.9,1108.6,2.512,2.293,57.1,1776.4
C0010,15,1,1244.9,1096.5,2.499,2.295,60.0,1798.2
C0010,16,1,1243.5,1095.4,2.503,2.316,58.8,1790.1
C0010,17,1,1239.6,1118.1,2.475,2.303,58.0,1773.7
C0010,18,1,1242.1,1113.9,2.51,2.302,59.3,1778.6
C0010,19,1,1243.7,1112.9,2.51,2.303,59.5,1815.8
C0010,20,1,1244.6,1101.8,2.51,2.305,58.9,1799.5
C0010,21,1,1239.7,1109.6,2.521,2.297,58.6,1769.3
C0010,22,1,1245.1,1109.3,2.503,2.313,57.1,1803.5
C0010,23,1,1246.9,1110.3,2.489,2.3,57.2,1812.5
C0010,24,1,1242.0,1108.1,2.508,2.3,59.0,1785.0
C0010,25,1,1242.3,1100.9,2.497,2.292,58.3,1791.9
C0010,26,1,1244.5,1123.8,2.484,2.288,58.4,1774.6
C0010,27,1,1246.6,1110.4,2.518,2.308,58.6,1796.8
C0010,28,1,1240.5,1104.7,2.495,2.301,55.3,1780.1
C0010,29,1,1239.8,1098.5,2.503,2.3,58.1,1783.6
C0010,30,1,1239.8,1124.8,2.489,2.307,56.5,1806.9
C0011,1,1,1234.6,1129.2,2.503,2.322,58.3,1794.5
C0011,2,1,1235.0,1117.2,2.501,2.315,58.5,1811.2
C0011,3,1,1236.2,1117.8,2.503,2.282,55.6,1812.2
C0011,4,1,1227.4,1108.8,2.51,2.293,57.9,1820.1
C0011,5,1,1227.9,1109.8,2.48,2.294,58.0,1804.9
C0011,6,1,1238.0,1112.4,2.51,2.308,57.7,1800.4
C0011,7,1,1228.0,1112.6,2.515,2.31,57.5,1787.7
C0011,8,1,1233.7,1105.8,2.496,2.317,60.0,1784.0
C0011,9,1,1234.6,1106.9,2.526,2.306,57.3,1795.2
C0011,10,1,1226.7,1126.1,2.504,2.295,56.0,1805.4
C0011,11,1,1233.8,1122.9,2.503,2.309,58.0,1782.5
C0011,12,1,1236.1,1116.8,2.479,2.289,57.5,1799.2
C0011,13,1,1231.1,1123.7,2.5,2.303,57.8,1781.1
C0011,14,1,1234.7,1113.2,2.514,2.287,58.8,1813.7
C0011,15,1,1229.3,1112.2,2.476,2.297,56.8,1832.8
C0011,16,1,1236.1,1127.8,2.464,2.304,57.7,1796.1
C0011,17,1,1229.9,1119.8,2.497,2.295,57.6,1797.7
C0011,18,1,1235.2,1127.2,2.507,2.313,60.0,1790.2
C0011,19,1,1233.6,1116.6,2.489,2.325,57.7,1800.1
C0011,20,1,1236.9,1118.9,2.523,2.279,58.8,1789.8
C0011,21,1,1234.4,1126.6,2.494,2.318,59.0,1780.9
C0011,22,1,1239.1,1124.4,2.487,2.314,58.1,1810.6
C0011,23,1,1231.1,1123.7,2.491,2.294,57.6,1809.6
C0011,24,1,1234.8,1128.1,2.507,2.298,58.4,1787.5
C0011,25,1,1233.8,1125.3,2.491,2.323,58.7,1773.9
C0011,26,1,1236.0,1121.6,2.513,2.297,59.9,1780.1
C0011,27,1,1229.6,1101.6,2.477,2.306,59.5,1809.3
C0011,28,1,1225.1,1132.1,2.513,2.304,58.1,1797.4
C0011,29,1,1226.7,1126.0,2.501,2.316,57.8,1793.1
C0011,30,1,1229.3,1120.3,2.479,2.278,57.3,1815.9
C0012,1,1,1236.2,1124.1,2.46,2.296,57.3,1785.6
C0012,2,1,1237.5,1136.3,2.491,2.3,56.0,1813.8
C0012,3,1,1234.0,1114.8,2.47,2.31,58.7,1803.1
C0012,4,1,1233.4,1131.8,2.502,2.301,58.4,1827.2
C0012,5,1,1230.8,1116.2,2.506,2.285,57.2,1800.2
C0012,6,1,1239.3,1127.5,2.494,2.287,58.9,1802.0
C0012,7,1,1236.2,1129.6,2.491,2.315,57.0,1792.0
C0012,8,1,1233.5,1141.6,2.478,2.316,57.8,1812.8
C0012,9,1,1238.1,1122.2,2.482,2.298,58.3,1793.4
C0012,10,1,1234.9,1117.5,2.486,2.286,58.7,1799.8
C0012,11,1,1231.6,1133.5,2.487,2.298,59.9,1806.8
C0012,12,1,1233.5,1136.0,2.496,2.309,58.1,1808.1
C0012,13,1,1232.9,1104.3,2.489,2.307,56.1,1824.2
C0012,14,1,1230.8,1109.7,2.509,2.303,59.5,1822.7
C0012,15,1,1233.3,1124.0,2.504,2.316,57.6,1809.9
C0012,16,1,1238.5,1136.7,2.496,2.278,58.0,1831.3
C0012,17,1,1237.1,1128.2,2.476,2.308,56.5,1799.1
C0012,18,1,1234.8,1136.8,2.483,2.305,58.0,1777.7
C0012,19,1,1234.2,1126.9,2.487,2.291,58.5,1778.0
C0012,20,1,1231.1,1128.9,2.479,2.295,58.5,1792.4
C0012,21,1,1235.2,1127.7,2.472,2.296,57.4,1796.3
C0012,22,1,1239.0,1133.2,2.497,2.278,57.0,1794.4
C0012,23,1,1238.3,1112.2,2.491,2.292,57.4,1798.4
C0012,24,1,1234.9,1136.0,2.509,2.285,59.3,1795.8
C0012,25,1,1243.1,1138.4,2.501,2.301,57.8,1806.5
C0012,26,1,1229.8,1112.5,2.507,2.314,58.0,1801.7
C0012,27,1,1232.5,1134.2,2.488,2.301,60.0,1822.0
C0012,28,1,1241.0,1122.1,2.475,2.322,59.8,1768.0
C0012,29,1,1235.6,1122.6,2.488,2.286,56.6,1790.5
C0012,30,1,1233.7,1120.4,2.494,2.297,61.5,1804.2
C0013,1,1,1237.4,1134.3,2.477,2.306,58.1,1786.4
C0013,2,1,1237.9,1145.8,2.485,2.297,58.4,1806.4
C0013,3,1,1232.1,1133.8,2.462,2.297,59.7,1812.7
C0013,4,1,1238.0,1137.1,2.479,2.286,61.3,1804.5
C0013,5,1,1242.1,1137.6,2.486,2.299,58.5,1839.2
C0013,6,1,1240.2,1123.3,2.492,2.302,58.0,1817.1
C0013,7,1,1241.7,1141.2,2.497,2.292,57.1,1799.5
C0013,8,1,1234.7,1127.9,2.453,2.304,58.5,1824.4
C0013,9,1,1238.3,1130.5,2.51,2.288,58.4,1798.2
C0013,10,1,1239.5,1125.6,2.503,2.315,56.1,1789.6
C0013,11,1,1237.7,1112.2,2.481,2.323,60.9,1828.9
C0013,12,1,1237.4,1148.3,2.497,2.313,55.9,1786.9
C0013,13,1,1236.0,1128.3,2.49,2.28,57.5,1815.3
C0013,14,1,1237.3,1125.9,2.466,2.319,56.9,1800.9
C0013,15,1,1242.2,1143.2,2.49,2.297,58.7,1821.3
C0013,16,1,1241.1,1126.9,2.474,2.326,58.1,1778.4
C0013,17,1,1242.0,1139.3,2.476,2.296,59.5,1809.5
C0013,18,1,1239.5,1139.4,2.487,2.305,57.4,1804.5
C0013,19,1,1239.0,1132.1,2.504,2.322,58.6,1805.5
C0013,20,1,1239.2,1136.8,2.493,2.299,57.7,1824.5
C0013,21,1,1247.4,1130.5,2.49,2.303,57.2,1822.0
C0013,22,1,1238.2,1134.3,2.491,2.317,57.0,1821.2
C0013,23,1,1239.9,1121.7,2.479,2.312,59.7,1801.5
C0013,24,1,1243.6,1124.8,2.466,2.316,57.5,1800.2
C0013,25,1,1242.0,1132.9,2.483,2.299,56.9,1797.7
C0013,26,1,1242.7,1133.2,2.469,2.293,57.3,1812.8
C0013,27,1,1242.8,1130.1,2.471,2.31,56.1,1815.0
C0013,28,1,1248.2,1137.7,2.494,2.288,58.2,1830.3
C0013,29,1,1242.0,1124.7,2.49,2.277,58.8,1771.6
C0013,30,1,1239.3,1143.6,2.481,2.284,58.7,1798.7
C0014,1,1,1238.0,1140.1,2.481,2.298,57.9,1826.8
C0014,2,1,1238.0,1131.1,2.495,2.301,56.6,1813.9
C0014,3,1,1243.1,1127.3,2.506,2.309,57.3,1803.2
C0014,4,1,1241.2,1147.9,2.494,2.29,58.9,1802.6
C0014,5,1,1241.3,1149.5,2.488,2.303,56.3,1799.9
C0014,6,1,1244.0,1129.8,2.494,2.305,57.0,1814.3
C0014,7,1,1244.6,1130.3,2.488,2.277,57.8,1800.1
C0014,8,1,1244.0,1152.6,2.487,2.312,57.7,1810.0
C0014,9,1,1242.6,1126.9,2.469,2.316,55.4,1832.1
C0014,10,1,1247.5,1134.6,2.495,2.3,60.0,1827.0
C0014,11,1,1243.3,1137.1,2.509,2.316,57.0,1827.4
C0014,12,1,1239.6,1131.9,2.463,2.323,60.0,1821.1
C0014,13,1,1241.5,1131.2,2.487,2.291,58.2,1797.1
C0014,14,1,1245.9,1144.0,2.48,2.306,57.9,1773.2
C0014,15,1,1239.0,1146.4,2.485,2.299,57.8,1824.8
C0014,16,1,1247.0,1141.5,2.5,2.313,58.2,1814.2
C0014,17,1,1244.7,1134.5,2.478,2.307,56.9,1832.2
C0014,18,1,1241.8,1123.0,2.463,2.3,58.3,1808.7
C0014,19,1,1243.0,1138.3,2.474,2.322,60.3,1802.0
C0014,20,1,1248.1,1123.2,2.476,2.298,56.7,1809.4
C0014,21,1,1238.7,1149.2,2.488,2.296,59.0,1800.3
C0014,22,1,1241.8,1141.0,2.47,2.297,58.3,1823.0
C0014,23,1,1240.9,1134.3,2.495,2.274,59.8,1811.6
C0014,24,1,1240.2,1153.4,2.491,2.291,57.3,1839.9
C0014,25,1,1238.0,1146.5,2.508,2.293,56.5,1816.6
C0014,26,1,1240.9,1136.9,2.488,2.296,56.0,1800.4
C0014,27,1,1244.2,1132.6,2.471,2.274,57.7,1813.5
C0014,28,1,1245.0,1137.6,2.488,2.301,57.2,1817.6
C0014,29,1,1245.6,1137.7,2.466,2.292,58.0,1808.5
C0014,30,1,1239.2,1134.7,2.488,2.312,56.0,1800.8
C0015,1,1,1231.3,1143.3,2.483,2.309,57.1,1819.0
C0015,2,1,1230.7,1151.1,2.506,2.312,58.4,1823.7
C0015,3,1,1230.8,1149.4,2.495,2.288,57.1,1831.2
C0015,4,1,1234.9,1137.8,2.459,2.288,54.7,1792.8
C0015,5,1,1233.4,1153.6,2.484,2.283,57.2,1813.4
C0015,6,1,1233.1,1143.1,2.462,2.299,57.4,1811.2
C0015,7,1,1233.4,1139.5,2.478,2.313,58.4,1795.8
C0015,8,1,1239.8,1155.4,2.487,2.292,56.6,1790.5
C0015,9,1,1238.6,1140.1,2.51,2.306,55.6,1817.7
C0015,10,1,1234.9,1135.1,2.469,2.285,59.0,1824.5
C0015,11,1,1236.1,1138.0,2.477,2.299,58.9,1804.7
C0015,12,1,1239.2,1141.9,2.489,2.309,56.9,1813.0
C0015,13,1,1229.9,1158.2,2.468,2.302,60.9,1829.5
C0015,14,1,1233.0,1146.3,2.474,2.299,56.2,1823.6
C0015,15,1,1233.5,1154.0,2.493,2.294,58.4,1808.4
C0015,16,1,1229.0,1138.1,2.473,2.302,59.2,1806.8
C0015,17,1,1228.4,1143.2,2.476,2.314,59.1,1807.2
C0015,18,1,1231.4,1131.9,2.469,2.307,57.3,1784.2
C0015,19,1,1232.8,1130.9,2.451,2.291,59.6,1798.8
C0015,20,1,1231.6,1135.5,2.477,2.304,59.0,1829.8
C0015,21,1,1230.4,1162.2,2.451,2.285,57.7,1822.1
C0015,22,1,1233.8,1147.6,2.486,2.282,56.2,1820.8
C0015,23,1,1235.3,1146.0,2.488,2.319,57.9,1832.6
C0015,24,1,1232.8,1133.0,2.478,2.324,58.8,1793.4
C0015,25,1,1228.0,1142.4,2.497,2.303,59.3,1832.6
C0015,26,1,1229.5,1145.2,2.487,2.294,58.2,1839.5
C0015,27,1,1230.3,1136.9,2.471,2.27,59.9,1837.7
C0015,28,1,1234.9,1147.7,2.468,2.303,56.9,1801.4
C0015,29,1,1230.3,1131.5,2.479,2.304,58.1,1822.8
C0015,30,1,1225.6,1135.9,2.484,2.318,58.3,1832.0
C0016,1,1,1244.9,1148.7,2.477,2.326,58.3,1817.3
C0016,2,1,1239.9,1152.9,2.475,2.306,57.8,1823.6
C0016,3,1,1240.5,1161.8,2.457,2.311,58.8,1857.9
C0016,4,1,1237.1,1144.9,2.467,2.296,56.3,1808.5
C0016,5,1,1240.2,1150.3,2.475,2.309,59.6,1815.6
C0016,6,1,1243.9,1156.5,2.473,2.306,59.3,1833.6
C0016,7,1,1237.2,1167.4,2.466,2.318,58.4,1806.6
C0016,8,1,1239.5,1155.6,2.466,2.315,59.2,1821.6
C0016,9,1,1235.3,1153.2,2.461,2.297,58.5,1824.6
C0016,10,1,1238.4,1150.6,2.491,2.281,56.9,1829.5
C0016,11,1,1238.9,1144.8,2.464,2.294,57.8,1802.7
C0016,12,1,1235.5,1163.6,2.477,2.309,57.4,1811.9
C0016,13,1,1239.1,1155.6,2.467,2.305,58.1,1834.3
C0016,14,1,1239.9,1153.3,2.456,2.311,58.8,1842.0
C0016,15,1,1244.4,1152.2,2.47,2.3,56.5,1806.3
C0016,16,1,1241.1,1152.9,2.474,2.293,58.1,1837.9
C0016,17,1,1239.4,1155.3,2.466,2.302,58.0,1799.3
C0016,18,1,1236.2,1138.4,2.468,2.266,57.2,1828.6
C0016,19,1,1247.3,1161.6,2.446,2.302,59.7,1809.9
C0016,20,1,1245.4,1137.3,2.445,2.316,57.5,1811.3
C0016,21,1,1240.3,1154.8,2.467,2.28,56.8,1840.7
C0016,22,1,1240.6,1155.8,2.479,2.298,56.9,1831.2
C0016,23,1,1239.2,1155.1,2.452,2.315,58.8,1824.9
C0016,24,1,1238.7,1158.4,2.469,2.302,56.9,1804.4
C0016,25,1,1238.8,1146.3,2.475,2.316,55.9,1803.1
C0016,26,1,1237.3,1145.9,2.455,2.296,58.3,1821.8
C0016,27,1,1238.8,1141.3,2.481,2.288,57.6,1794.1
C0016,28,1,1243.2,1160.3,2.486,2.33,57.0,1821.8
C0016,29,1,1241.4,1165.7,2.474,2.271,56.9,1808.4
C0016,30,1,1233.0,1145.9,2.461,2.28,58.4,1810.3
C0017,1,1,1228.1,1162.2,2.468,2.321,57.2,1801.6
C0017,2,1,1230.9,1167.2,2.477,2.307,58.0,1817.9
C0017,3,1,1235.5,1155.4,2.454,2.287,59.5,1836.4
C0017,4,1,1232.6,1149.3,2.469,2.283,57.4,1847.0
C0017,5,1,1231.0,1148.0,2.47,2.286,56.7,1836.0
C0017,6,1,1233.0,1149.7,2.463,2.308,59.0,1854.5
C0017,7,1,1237.4,1156.4,2.483,2.298,57.3,1814.3
C0017,8,1,1238.3,1174.8,2.447,2.306,58.2,1834.0
C0017,9,1,1233.8,1168.3,2.473,2.296,56.2,1832.3
C0017,10,1,1232.5,1165.9,2.452,2.299,57.6,1803.7
C0017,11,1,1225.5,1161.0,2.473,2.275,56.3,1837.2
C0017,12,1,1228.4,1157.3,2.464,2.298,59.6,1820.5
C0017,13,1,1234.2,1143.8,2.471,2.321,56.6,1829.2
C0017,14,1,1227.1,1149.2,2.476,2.316,56.8,1820.5
C0017,15,1,1237.7,1159.0,2.464,2.312,58.2,1828.6
C0017,16,1,1227.7,1158.5,2.481,2.299,60.2,1814.6
C0017,17,1,1234.1,1152.1,2.458,2.299,58.6,1821.0
C0017,18,1,1235.9,1175.7,2.452,2.299,59.2,1841.6
C0017,19,1,1232.4,1170.9,2.464,2.32,58.5,1829.7
C0017,20,1,1229.3,1169.1,2.482,2.295,58.6,1834.7
C0017,21,1,1229.5,1151.8,2.46,2.32,56.9,1827.8
C0017,22,1,1235.6,1168.5,2.451,2.306,59.4,1831.6
C0017,23,1,1232.8,1161.7,2.465,2.298,57.7,1825.1
C0017,24,1,1234.0,1161.5,2.462,2.295,58.0,1835.9
C0017,25,1,1229.4,1179.4,2.454,2.273,60.0,1826.2
C0017,26,1,1232.9,1149.8,2.471,2.29,58.0,1822.1
C0017,27,1,1229.0,1162.3,2.476,2.266,58.6,1819.6
C0017,28,1,1233.6,1159.2,2.48,2.288,58.3,1823.7
C0017,29,1,1232.4,1144.6,2.466,2.286,58.6,1832.5
C0017,30,1,1238.2,1162.5,2.459,2.31,57.0,1818.8
C0018,1,1,1240.4,1166.4,2.449,2.295,58.4,1817.2
C0018,2,1,1232.1,1165.0,2.452,2.307,58.8,1830.9
C0018,3,1,1236.2,1179.0,2.44,2.285,57.0,1841.0
C0018,4,1,1230.5,1174.0,2.47,2.297,57.9,1824.7
C0018,5,1,1229.0,1161.8,2.467,2.305,56.9,1818.7
C0018,6,1,1239.6,1161.0,2.453,2.293,58.4,1803.1
C0018,7,1,1229.2,1167.1,2.458,2.288,55.8,1810.5
C0018,8,1,1229.0,1156.4,2.478,2.287,58.8,1844.3
C0018,9,1,1232.2,1160.9,2.44,2.286,56.6,1847.3
C0018,10,1,1238.5,1160.1,2.463,2.296,58.1,1810.3
C0018,11,1,1235.5,1167.2,2.45,2.309,57.6,1828.5
C0018,12,1,1234.3,1161.0,2.468,2.314,59.4,1834.5
C0018,13,1,1234.9,1162.7,2.452,2.326,57.4,1854.8
C0018,14,1,1231.5,1159.4,2.484,2.286,59.9,1816.0
C0018,15,1,1238.0,1168.3,2.456,2.295,56.6,1814.8
C0018,16,1,1231.4,1177.6,2.458,2.308,58.5,1847.8
C0018,17,1,1232.4,1181.6,2.467,2.298,57.0,1834.6
C0018,18,1,1230.0,1174.7,2.466,2.298,56.7,1823.4
C0018,19,1,1231.8,1170.0,2.452,2.283,57.7,1821.0
C0018,20,1,1230.8,1161.3,2.439,2.308,58.0,1835.1
C0018,21,1,1234.8,1152.2,2.458,2.309,57.8,1833.3
C0018,22,1,1234.8,1167.6,2.458,2.317,58.7,1848.4
C0018,23,1,1231.7,1154.4,2.467,2.293,58.6,1838.9
C0018,24,1,1229.5,1163.7,2.462,2.296,59.3,1835.7
C0018,25,1,1232.3,1173.8,2.467,2.264,56.6,1826.0
C0018,26,1,1230.3,1162.5,2.441,2.305,59.4,1867.4
C0018,27,1,1234.0,1179.4,2.444,2.309,57.2,1839.8
C0018,28,1,1227.2,1163.1,2.449,2.281,57.7,1811.6
C0018,29,1,1229.4,1171.8,2.461,2.303,58.0,1821.9
C0018,30,1,1233.5,1163.6,2.457,2.314,57.1,1829.2
C0019,1,1,1245.1,1181.9,2.464,2.31,56.3,1841.0
C0019,2,1,1244.4,1185.0,2.463,2.311,58.0,1829.1
C0019,3,1,1245.3,1180.8,2.461,2.265,59.0,1851.7
C0019,4,1,1245.1,1176.6,2.448,2.287,58.8,1841.5
C0019,5,1,1246.0,1183.3,2.451,2.306,57.4,1826.3
C0019,6,1,1249.2,1183.3,2.457,2.285,58.2,1853.4
C0019,7,1,1241.3,1171.3,2.448,2.272,58.1,1849.1
C0019,8,1,1246.4,1167.0,2.454,2.286,57.5,1850.8
C0019,9,1,1238.5,1167.8,2.442,2.311,58.0,1838.0
C0019,10,1,1242.6,1158.7,2.435,2.289,59.8,1858.8
C0019,11,1,1242.9,1164.9,2.463,2.32,55.9,1838.8
C0019,12,1,1247.6,1169.3,2.44,2.291,56.2,1830.4
C0019,13,1,1243.8,1179.2,2.455,2.299,56.7,1839.8
C0019,14,1,1245.8,1185.2,2.458,2.301,59.9,1863.0
C0019,15,1,1245.2,1173.6,2.462,2.281,58.5,1831.1
C0019,16,1,1243.6,1180.1,2.46,2.292,56.9,1832.9
C0019,17,1,1243.1,1181.4,2.432,2.302,58.8,1849.3
C0019,18,1,1247.2,1169.1,2.456,2.289,58.4,1838.8
C0019,19,1,1241.9,1178.6,2.463,2.28,57.3,1831.4
C0019,20,1,1242.7,1184.3,2.448,2.276,58.5,1852.8
C0019,21,1,1251.6,1166.4,2.44,2.277,58.8,1841.7
C0019,22,1,1242.5,1160.1,2.447,2.33,56.6,1845.3
C0019,23,1,1245.3,1170.3,2.478,2.303,56.6,1862.2
C0019,24,1,1247.0,1181.5,2.447,2.287,59.1,1837.1
C0019,25,1,1249.7,1179.4,2.461,2.299,56.7,1838.7
C0019,26,1,1245.6,1188.3,2.443,2.27,57.9,1858.6
C0019,27,1,1244.7,1179.6,2.453,2.291,56.7,1819.4
C0019,28,1,1248.8,1163.2,2.437,2.306,57.6,1829.2
C0019,29,1,1241.0,1166.2,2.452,2.296,58.9,1841.8
C0019,30,1,1244.4,1178.0,2.464,2.288,56.5,1821.4
C0020,1,1,1237.8,1177.3,2.445,2.323,56.9,1820.4
C0020,2,1,1245.8,1165.3,2.477,2.272,57.7,1840.0
C0020,3,1,1239.6,1185.5,2.452,2.299,56.9,1851.3
C0020,4,1,1235.7,1181.9,2.433,2.303,58.3,1829.6
C0020,5,1,1244.0,1187.7,2.443,2.29,57.6,1841.7
C0020,6,1,1240.7,1172.9,2.449,2.324,60.4,1839.3
C0020,7,1,1242.0,1181.2,2.452,2.334,59.0,1848.9
C0020,8,1,1239.9,1194.7,2.465,2.299,58.0,1824.3
C0020,9,1,1239.4,1160.4,2.444,2.285,59.1,1855.0
C0020,10,1,1236.6,1169.0,2.429,2.309,58.8,1843.4
C0020,11,1,1240.0,1193.3,2.438,2.311,57.5,1816.1
C0020,12,1,1239.2,1180.2,2.437,2.296,59.5,1865.0
C0020,13,1,1241.2,1187.5,2.435,2.307,58.9,1848.7
C0020,14,1,1243.4,1161.8,2.444,2.286,58.4,1844.3
C0020,15,1,1242.6,1187.1,2.465,2.323,59.5,1803.4
C0020,16,1,1244.3,1175.9,2.449,2.32,55.8,1848.0
C0020,17,1,1241.6,1175.6,2.44,2.321,57.0,1851.0
C0020,18,1,1240.1,1191.9,2.449,2.28,55.1,1825.6
C0020,19,1,1240.4,1155.4,2.453,2.274,57.6,1834.4
C0020,20,1,1239.0,1179.5,2.428,2.335,55.8,1837.9
C0020,21,1,1237.8,1179.0,2.445,2.294,59.2,1847.6
C0020,22,1,1237.6,1167.0,2.444,2.289,56.4,1837.3
C0020,23,1,1238.2,1177.1,2.468,2.296,59.4,1834.5
C0020,24,1,1241.4,1175.2,2.455,2.295,59.1,1871.1
C0020,25,1,1234.4,1180.4,2.444,2.283,59.7,1836.3
C0020,26,1,1242.3,1176.9,2.434,2.286,59.7,1859.9
C0020,27,1,1241.4,1190.0,2.453,2.297,58.2,1811.4
C0020,28,1,1242.0,1170.3,2.437,2.285,56.4,1829.0
C0020,29,1,1237.4,1176.6,2.438,2.286,57.4,1845.0
C0020,30,1,1241.6,1173.6,2.481,2.334,56.4,1833.8
C0021,1,2,1229.1,1033.6,2.55,2.293,58.6,1729.4
C0021,2,2,1226.7,1053.4,2.548,2.297,60.6,1736.5
C0021,3,2,1228.5,1054.8,2.554,2.31,58.1,1743.3
C0021,4,2,1223.9,1044.5,2.562,2.294,55.9,1718.8
C0021,5,2,1223.9,1031.0,2.559,2.296,58.4,1759.2
C0021,6,2,1228.8,1050.7,2.534,2.296,58.8,1755.2
C0021,7,2,1224.0,1053.9,2.545,2.293,57.5,1746.2
C0021,8,2,1225.3,1048.1,2.545,2.296,58.3,1730.4
C0021,9,2,1226.9,1039.2,2.561,2.307,58.2,1743.2
C0021,10,2,1231.3,1050.9,2.529,2.296,59.7,1748.1
C0021,11,2,1225.2,1038.8,2.573,2.304,57.5,1773.2
C0021,12,2,1226.0,1038.7,2.556,2.286,57.9,1734.7
C0021,13,2,1228.7,1048.4,2.559,2.31,56.6,1735.8
C0021,14,2,1230.9,1056.7,2.555,2.289,59.1,1748.4
C0021,15,2,1227.5,1047.6,2.539,2.296,59.3,1735.5
C0021,16,2,1225.4,1037.1,2.527,2.301,57.6,1744.7
C0021,17,2,1230.0,1035.3,2.528,2.294,58.3,1765.1
C0021,18,2,1225.2,1056.8,2.539,2.298,58.8,1755.1
C0021,19,2,1225.4,1065.1,2.55,2.304,56.6,1747.3
C0021,20,2,1225.6,1046.5,2.522,2.303,58.2,1764.5
C0021,21,2,1233.2,1028.5,2.554,2.303,58.7,1738.9
C0021,22,2,1226.7,1060.6,2.547,2.29,58.3,1731.7
C0021,23,2,1224.0,1046.9,2.554,2.301,55.4,1735.1
C0021,24,2,1228.4,1069.9,2.544,2.303,56.3,1738.4
C0021,25,2,1229.3,1033.9,2.583,2.286,58.3,1750.4
C0021,26,2,1229.0,1054.1,2.562,2.3,56.9,1762.3
C0021,27,2,1229.8,1050.3,2.548,2.296,59.4,1762.1
C0021,28,2,1224.3,1035.7,2.546,2.297,57.0,1724.1
C0021,29,2,1228.2,1056.6,2.563,2.301,57.0,1756.7
C0021,30,2,1224.9,1071.7,2.568,2.298,56.4,1747.6
C0022,1,2,1235.1,1061.9,2.564,2.291,58.6,1755.0
C0022,2,2,1236.1,1068.0,2.532,2.295,58.1,1775.3
C0022,3,2,1228.9,1070.5,2.542,2.299,56.6,1733.3
C0022,4,2,1236.6,1062.9,2.561,2.299,58.0,1776.3
C0022,5,2,1235.6,1075.2,2.552,2.301,55.8,1742.6
C0022,6,2,1230.4,1054.2,2.537,2.302,58.1,1781.9
C0022,7,2,1235.1,1048.7,2.547,2.298,57.5,1764.9
C0022,8,2,1234.2,1065.9,2.539,2.301,57.8,1732.2
C0022,9,2,1237.0,1054.8,2.524,2.297,58.5,1770.2
C0022,10,2,1236.7,1050.1,2.575,2.301,55.3,1752.6
C0022,11,2,1237.4,1045.0,2.536,2.301,57.7,1747.8
C0022,12,2,1236.0,1055.6,2.551,2.29,56.1,1786.8
C0022,13,2,1235.6,1061.9,2.555,2.286,58.7,1748.9
C0022,14,2,1231.1,1055.5,2.546,2.302,59.4,1769.6
C0022,15,2,1236.7,1055.9,2.52,2.311,58.1,1764.9
C0022,16,2,1237.5,1072.7,2.556,2.303,56.2,1755.5
C0022,17,2,1230.3,1047.5,2.533,2.304,59.2,1748.5
C0022,18,2,1237.4,1034.4,2.552,2.294,59.0,1751.2
C0022,19,2,1230.9,1051.9,2.56,2.294,59.0,1747.6
C0022,20,2,1233.8,1049.5,2.556,2.304,58.5,1746.0
C0022,21,2,1233.9,1053.7,2.548,2.294,56.3,1742.6
C0022,22,2,1242.0,1060.0,2.55,2.307,57.5,1726.5
C0022,23,2,1231.6,1063.6,2.538,2.31,61.0,1744.8
C0022,24,2,1236.2,1053.4,2.538,2.299,57.7,1766.0
C0022,25,2,1233.5,1059.2,2.564,2.295,59.9,1784.5
C0022,26,2,1235.0,1048.8,2.537,2.304,58.3,1764.7
C0022,27,2,1235.5,1049.5,2.557,2.286,56.8,1747.3
C0022,28,2,1232.6,1080.3,2.535,2.294,59.4,1778.7
C0022,29,2,1237.9,1053.4,2.537,2.292,57.3,1750.0
C0022,30,2,1240.1,1049.9,2.547,2.305,58.0,1767.2
C0023,1,2,1221.9,1057.3,2.546,2.298,58.3,1772.7
C0023,2,2,1223.2,1064.0,2.54,2.304,56.7,1762.2
C0023,3,2,1227.0,1053.0,2.529,2.302,58.5,1763.9
C0023,4,2,1220.3,1052.5,2.551,2.299,59.2,1723.6
C0023,5,2,1226.2,1061.8,2.565,2.298,59.0,1777.2
C0023,6,2,1227.5,1061.0,2.546,2.291,58.1,1771.4
C0023,7,2,1225.1,1060.7,2.545,2.306,58.5,1747.2
C0023,8,2,1225.8,1061.0,2.564,2.298,57.9,1742.5
C0023,9,2,1224.4,1067.9,2.544,2.301,59.6,1749.8
C0023,10,2,1224.1,1068.8,2.51,2.307,57.6,1771.4
C0023,11,2,1226.4,1074.9,2.538,2.299,57.0,1775.3
C0023,12,2,1225.1,1053.5,2.533,2.299,56.5,1764.5
C0023,13,2,1221.0,1063.4,2.527,2.307,57.3,1757.3
C0023,14,2,1224.7,1061.3,2.545,2.307,57.9,1752.9
C0023,15,2,1228.8,1067.5,2.549,2.291,58.5,1750.2
C0023,16,2,1224.1,1058.8,2.535,2.308,59.6,1763.5
C0023,17,2,1224.9,1069.4,2.556,2.296,58.6,1741.3
C0023,18,2,1221.3,1088.1,2.546,2.3,57.7,1756.1
C0023,19,2,1224.7,1069.6,2.554,2.3,56.1,1765.6
C0023,20,2,1222.9,1055.7,2.542,2.292,58.9,1763.2
C0023,21,2,1226.5,1065.6,2.546,2.298,58.1,1748.1
C0023,22,2,1225.9,1048.6,2.543,2.304,57.4,1741.8
C0023,23,2,1224.5,1065.0,2.543,2.296,56.5,1758.5
C0023,24,2,1229.3,1058.2,2.529,2.288,59.7,1757.4
C0023,25,2,1222.6,1066.7,2.53,2.3,59.5,1760.3
C0023,26,2,1223.0,1068.3,2.534,2.301,59.0,1748.7
C0023,27,2,1229.8,1086.7,2.537,2.3,57.6,1761.1
C0023,28,2,1223.3,1053.5,2.539,2.307,61.6,1747.7
C0023,29,2,1224.5,1049.6,2.525,2.301,59.5,1768.3
C0023,30,2,1231.0,1064.8,2.536,2.299,57.9,1770.3
C0024,1,2,1234.1,1071.8,2.537,2.303,57.5,1758.6
C0024,2,2,1238.3,1082.8,2.543,2.304,59.2,1765.8
C0024,3,2,1237.6,1075.2,2.527,2.287,57.5,1757.4
C0024,4,2,1232.2,1063.8,2.511,2.3,58.2,1754.5
C0024,5,2,1223.9,1070.6,2.527,2.312,56.6,1753.1
C0024,6,2,1234.5,1067.5,2.503,2.302,57.3,1773.9
C0024,7,2,1231.1,1060.9,2.536,2.31,58.8,1772.9
C0024,8,2,1232.5,1079.0,2.513,2.29,58.2,1750.5
C0024,9,2,1240.1,1078.7,2.537,2.29,59.3,1736.0
C0024,10,2,1227.8,1077.6,2.534,2.288,58.3,1774.5
C0024,11,2,1233.3,1078.0,2.537,2.295,58.4,1792.8
C0024,12,2,1228.6,1065.5,2.539,2.289,58.9,1758.8
C0024,13,2,1238.1,1067.3,2.522,2.303,59.4,1760.9
C0024,14,2,1236.4,1078.1,2.527,2.306,57.0,1750.3
C0024,15,2,1237.8,1079.7,2.523,2.303,60.2,1772.7
C0024,16,2,1235.8,1064.5,2.527,2.3,57.1,1788.9
C0024,17,2,1232.2,1075.6,2.524,2.304,57.1,1778.9
C0024,18,2,1229.3,1058.4,2.539,2.287,58.4,1754.4
C0024,19,2,1236.1,1049.9,2.534,2.296,56.6,1744.3
C0024,20,2,1237.7,1061.4,2.529,2.292,58.3,1742.8
C0024,21,2,1232.9,1068.7,2.548,2.295,59.1,1783.3
C0024,22,2,1240.1,1078.8,2.517,2.301,57.4,1760.7
C0024,23,2,1236.1,1062.4,2.527,2.308,57.4,1751.3
C0024,24,2,1235.2,1097.4,2.544,2.303,59.2,1750.0
C0024,25,2,1234.0,1076.7,2.526,2.297,57.6,1790.3
C0024,26,2,1237.5,1072.3,2.523,2.28,60.1,1784.4
C0024,27,2,1238.0,1080.3,2.54,2.304,59.8,1774.1
C0024,28,2,1235.2,1049.0,2.542,2.289,58.5,1761.5
C0024,29,2,1235.0,1072.0,2.519,2.296,58.4,1771.3
C0024,30,2,1235.9,1062.4,2.533,2.315,57.9,1772.7
C0025,1,2,1241.3,1080.0,2.498,2.295,57.5,1758.0
C0025,2,2,1240.3,1072.8,2.538,2.303,60.0,1768.0
C0025,3,2,1238.4,1074.1,2.533,2.312,56.6,1767.8
C0025,4,2,1241.9,1088.5,2.529,2.303,57.4,1782.7
C0025,5,2,1242.8,1062.1,2.545,2.293,56.4,1761.7
C0025,6,2,1240.3,1072.8,2.524,2.303,55.4,1783.8
C0025,7,2,1242.6,1075.8,2.542,2.303,57.5,1763.3
C0025,8,2,1241.2,1084.3,2.517,2.299,58.0,1780.6
C0025,9,2,1239.0,1074.7,2.544,2.311,57.6,1770.1
C0025,10,2,1241.0,1064.5,2.525,2.307,57.6,1775.8
C0025,11,2,1242.2,1067.9,2.529,2.309,59.4,1754.0
C0025,12,2,1242.4,1079.0,2.518,2.313,59.1,1786.0
C0025,13,2,1244.4,1066.9,2.518,2.296,58.6,1748.0
C0025,14,2,1238.9,1074.3,2.529,2.284,57.1,1777.0
C0025,15,2,1244.7,1072.2,2.523,2.291,55.7,1762.9
C0025,16,2,1241.9,1073.8,2.535,2.305,58.1,1761.4
C0025,17,2,1242.8,1072.5,2.525,2.292,56.3,1752.5
C0025,18,2,1239.6,1070.8,2.534,2.282,60.5,1766.1
C0025,19,2,1243.1,1073.7,2.535,2.313,58.2,1779.5
C0025,20,2,1246.8,1072.8,2.531,2.29,59.9,1784.7
C0025,21,2,1247.4,1077.8,2.536,2.296,58.1,1763.2
C0025,22,2,1243.2,1073.7,2.533,2.293,57.4,1746.4
C0025,23,2,1241.3,1079.5,2.533,2.314,57.4,1757.0
C0025,24,2,1243.6,1074.5,2.506,2.305,54.9,1757.1
C0025,25,2,1238.6,1090.6,2.516,2.302,57.5,1770.5
C0025,26,2,1243.3,1067.7,2.538,2.304,56.6,1762.5
C0025,27,2,1238.5,1080.7,2.52,2.286,57.7,1737.4
C0025,28,2,1242.2,1078.9,2.529,2.301,54.7,1750.1
C0025,29,2,1240.6,1053.0,2.529,2.302,58.6,1772.3
C0025,30,2,1240.6,1075.1,2.514,2.306,59.3,1764.6
C0026,1,2,1239.0,1072.4,2.516,2.297,57.8,1764.6
C0026,2,2,1234.6,1088.0,2.518,2.3,60.0,1761.7
C0026,3,2,1237.4,1065.9,2.514,2.3,59.1,1769.3
C0026,4,2,1231.2,1090.1,2.532,2.306,57.9,1771.4
C0026,5,2,1226.6,1077.9,2.525,2.28,58.3,1764.9
C0026,6,2,1235.8,1078.4,2.522,2.293,59.0,1782.8
C0026,7,2,1229.7,1083.4,2.528,2.304,58.2,1752.3
C0026,8,2,1236.2,1098.6,2.526,2.301,55.7,1780.8
C0026,9,2,1236.5,1089.4,2.507,2.293,55.8,1751.6
C0026,10,2,1232.2,1083.7,2.549,2.295,58.5,1782.9
C0026,11,2,1230.7,1088.4,2.501,2.3,57.1,1805.8
C0026,12,2,1230.2,1072.0,2.527,2.302,58.6,1784.9
C0026,13,2,1235.0,1073.8,2.52,2.308,56.1,1782.2
C0026,14,2,1234.2,1094.2,2.535,2.31,59.0,1747.6
C0026,15,2,1240.6,1083.7,2.526,2.292,57.3,1739.2
C0026,16,2,1232.5,1101.4,2.54,2.297,55.5,1789.0
C0026,17,2,1229.8,1082.2,2.536,2.292,58.5,1764.2
C0026,18,2,1232.4,1077.8,2.515,2.301,57.8,1775.8
C0026,19,2,1233.4,1059.1,2.516,2.303,57.0,1779.4
C0026,20,2,1228.7,1066.8,2.524,2.308,59.2,1759.9
C0026,21,2,1232.1,1075.1,2.515,2.279,58.4,1789.0
C0026,22,2,1230.9,1078.2,2.519,2.295,58.7,1778.9
C0026,23,2,1237.9,1085.9,2.525,2.32,59.5,1787.6
C0026,24,2,1235.6,1091.7,2.526,2.292,60.0,1765.0
C0026,25,2,1231.5,1088.6,2.528,2.313,58.4,1785.0
C0026,26,2,1231.7,1072.5,2.524,2.307,59.4,1754.5
C0026,27,2,1234.2,1078.8,2.534,2.308,57.3,1782.7
C0026,28,2,1230.8,1081.7,2.519,2.314,58.2,1765.6
C0026,29,2,1228.6,1081.0,2.516,2.299,58.4,1791.3
C0026,30,2,1232.8,1087.0,2.511,2.289,58.0,1758.7
C0027,1,2,1230.7,1096.8,2.518,2.313,59.4,1772.9
C0027,2,2,1233.0,1086.6,2.516,2.291,58.6,1758.6
C0027,3,2,1231.0,1101.6,2.525,2.307,58.8,1781.4
C0027,4,2,1231.5,1089.3,2.536,2.319,55.7,1791.8
C0027,5,2,1232.0,1085.3,2.526,2.299,60.4,1791.9
C0027,6,2,1234.5,1079.5,2.533,2.298,58.3,1782.1
C0027,7,2,1231.5,1095.7,2.512,2.301,57.3,1792.0
C0027,8,2,1233.6,1089.9,2.484,2.297,57.2,1764.6
C0027,9,2,1231.3,1101.5,2.511,2.304,57.8,1760.2
C0027,10,2,1228.5,1098.4,2.518,2.291,58.3,1783.8
C0027,11,2,1231.6,1088.2,2.544,2.294,57.2,1764.0
C0027,12,2,1225.5,1084.7,2.533,2.309,59.1,1770.0
C0027,13,2,1227.1,1080.6,2.514,2.304,57.4,1766.9
C0027,14,2,1234.1,1080.1,2.502,2.301,58.0,1787.5
C0027,15,2,1231.1,1095.1,2.493,2.3,60.3,1787.2
C0027,16,2,1226.9,1090.4,2.54,2.295,58.3,1780.6
C0027,17,2,1234.6,1122.0,2.494,2.31,58.9,1759.1
C0027,18,2,1233.6,1083.0,2.523,2.305,56.7,1765.5
C0027,19,2,1232.7,1098.2,2.514,2.301,60.3,1781.5
C0027,20,2,1231.3,1097.9,2.511,2.298,58.1,1761.8
C0027,21,2,1238.3,1085.7,2.529,2.301,58.6,1768.5
C0027,22,2,1230.1,1087.8,2.529,2.3,59.7,1761.7
C0027,23,2,1232.0,1088.0,2.514,2.316,58.1,1748.5
C0027,24,2,1229.7,1094.5,2.524,2.289,57.1,1771.4
C0027,25,2,1231.6,1088.8,2.532,2.299,58.2,1784.3
C0027,26,2,1230.7,1088.0,2.495,2.296,56.0,1789.7
C0027,27,2,1227.8,1090.4,2.512,2.292,57.8,1775.3
C0027,28,2,1232.0,1091.9,2.513,2.303,58.5,1795.3
C0027,29,2,1231.4,1110.5,2.506,2.268,58.4,1799.8
C0027,30,2,1230.8,1094.2,2.539,2.288,58.5,1765.7
C0028,1,2,1237.2,1092.2,2.532,2.306,57.3,1789.1
C0028,2,2,1237.8,1083.2,2.54,2.304,59.9,1788.9
C0028,3,2,1243.1,1095.3,2.502,2.318,59.8,1759.5
C0028,4,2,1237.9,1086.9,2.496,2.3,56.8,1782.9
C0028,5,2,1237.9,1104.0,2.521,2.294,58.0,1779.1
C0028,6,2,1241.8,1101.8,2.497,2.292,58.5,1788.7
C0028,7,2,1242.9,1094.5,2.507,2.308,56.5,1780.3
C0028,8,2,1240.9,1088.8,2.497,2.288,56.1,1762.4
C0028,9,2,1238.3,1085.4,2.503,2.298,57.0,1775.4
C0028,10,2,1237.0,1109.4,2.529,2.294,58.2,1773.9
C0028,11,2,1243.1,1093.7,2.495,2.297,57.4,1785.2
C0028,12,2,1235.7,1108.4,2.514,2.304,58.9,1793.1
C0028,13,2,1245.3,1086.1,2.499,2.306,57.5,1776.4
C0028,14,2,1231.5,1104.4,2.506,2.291,59.2,1790.3
C0028,15,2,1240.5,1106.5,2.508,2.293,58.0,1793.1
C0028,16,2,1238.7,1105.9,2.511,2.307,58.5,1805.4
C0028,17,2,1238.5,1088.6,2.501,2.29,58.9,1774.5
C0028,18,2,1235.8,1082.4,2.505,2.301,56.6,1774.4
C0028,19,2,1238.7,1097.0,2.533,2.303,55.1,1785.1
C0028,20,2,1236.7,1100.8,2.511,2.299,57.8,1770.8
C0028,21,2,1240.9,1096.2,2.497,2.301,60.9,1780.0
C0028,22,2,1242.3,1109.6,2.497,2.298,58.9,1780.2
C0028,23,2,1236.9,1106.8,2.491,2.293,56.9,1780.5
C0028,24,2,1244.6,1086.7,2.507,2.3,56.7,1764.1
C0028,25,2,1236.7,1106.6,2.487,2.299,57.3,1776.4
C0028,26,2,1237.8,1099.2,2.503,2.298,57.7,1782.8
C0028,27,2,1238.2,1096.2,2.492,2.293,57.4,1776.0
C0028,28,2,1238.5,1090.8,2.509,2.306,57.1,1783.8
C0028,29,2,1236.2,1081.8,2.513,2.285,58.0,1804.5
C0028,30,2,1238.4,1097.4,2.501,2.302,58.8,1767.8
C0029,1,2,1232.1,1113.4,2.518,2.295,59.6,1780.6
C0029,2,2,1234.2,1111.8,2.494,2.302,58.2,1772.2
C0029,3,2,1233.4,1099.9,2.516,2.31,59.8,1791.6
C0029,4,2,1232.4,1080.4,2.503,2.31,56.8,1773.8
C0029,5,2,1230.5,1096.0,2.486,2.306,59.1,1807.9
C0029,6,2,1232.0,1103.4,2.513,2.296,59.0,1785.3
C0029,7,2,1233.2,1096.9,2.51,2.289,58.7,1782.1
C0029,8,2,1231.8,1098.4,2.5,2.317,57.1,1767.1
C0029,9,2,1240.7,1103.4,2.51,2.299,57.8,1774.4
C0029,10,2,1230.8,1102.2,2.505,2.305,59.1,1772.9
C0029,11,2,1228.8,1110.6,2.492,2.302,57.7,1778.5
C0029,12,2,1233.2,1107.9,2.513,2.303,59.8,1775.2
C0029,13,2,1234.4,1100.4,2.51,2.311,57.8,1809.2
C0029,14,2,1229.1,1099.1,2.514,2.302,58.6,1786.0
C0029,15,2,1235.9,1104.5,2.514,2.297,58.4,1800.0
C0029,16,2,1233.3,1105.0,2.505,2.289,57.8,1818.9
C0029,17,2,1233.5,1108.4,2.501,2.289,58.5,1776.9
C0029,18,2,1237.2,1108.6,2.524,2.3,56.2,1782.3
C0029,19,2,1237.1,1104.3,2.506,2.298,56.7,1781.7
C0029,20,2,1234.8,1097.5,2.503,2.318,57.5,1778.5
C0029,21,2,1233.1,1116.4,2.508,2.312,57.5,1829.3
C0029,22,2,1230.3,1104.6,2.518,2.322,58.8,1775.4
C0029,23,2,1233.1,1100.7,2.514,2.289,58.6,1800.5
C0029,24,2,1234.0,1113.9,2.511,2.311,58.9,1788.0
C0029,25,2,1234.0,1099.5,2.496,2.301,57.7,1760.4
C0029,26,2,1232.3,1106.3,2.514,2.301,58.9,1794.9
C0029,27,2,1234.6,1096.3,2.498,2.294,56.3,1794.4
C0029,28,2,1236.4,1095.7,2.505,2.301,57.6,1787.8
C0029,29,2,1236.3,1110.0,2.519,2.301,59.0,1791.6
C0029,30,2,1231.8,1103.0,2.499,2.292,58.7,1824.6
C0030,1,2,1220.0,1099.8,2.492,2.296,57.2,1785.9
C0030,2,2,1220.3,1111.7,2.496,2.311,56.9,1772.8
C0030,3,2,1221.5,1097.6,2.491,2.282,56.1,1806.0
C0030,4,2,1219.7,1106.0,2.509,2.306,54.4,1800.7
C0030,5,2,1219.7,1123.6,2.482,2.299,57.3,1794.3
C0030,6,2,1217.6,1115.5,2.52,2.297,58.3,1793.1
C0030,7,2,1217.4,1123.7,2.52,2.286,58.6,1766.6
C0030,8,2,1220.2,1122.4,2.511,2.294,57.0,1811.5
C0030,9,2,1220.8,1112.5,2.507,2.305,58.0,1803.4
C0030,10,2,1222.0,1109.6,2.498,2.305,57.6,1778.7
C0030,11,2,1216.2,1123.7,2.485,2.294,59.2,1816.1
C0030,12,2,1222.5,1105.2,2.506,2.311,58.7,1800.3
C0030,13,2,1219.3,1108.9,2.523,2.297,55.5,1790.8
C0030,14,2,1223.6,1117.4,2.484,2.294,57.4,1785.8
C0030,15,2,1218.8,1105.9,2.484,2.296,59.5,1827.2
C0030,16,2,1216.7,1116.6,2.515,2.29,58.6,1810.5
C0030,17,2,1215.5,1118.4,2.509,2.292,61.0,1810.4
C0030,18,2,1219.6,1118.9,2.512,2.291,58.4,1805.1
C0030,19,2,1221.5,1100.7,2.523,2.306,56.8,1792.2
C0030,20,2,1216.2,1111.7,2.492,2.293,57.2,1778.4
C0030,21,2,1221.4,1087.5,2.522,2.296,58.4,1795.7
C0030,22,2,1222.2,1119.3,2.51,2.32,58.3,1784.2
C0030,23,2,1216.9,1128.7,2.519,2.295,58.7,1803.8
C0030,24,2,1219.0,1126.1,2.504,2.312,59.2,1784.6
C0030,25,2,1220.5,1109.9,2.501,2.289,58.1,1799.1
C0030,26,2,1222.4,1118.8,2.504,2.295,59.2,1780.0
C0030,27,2,1219.4,1109.8,2.503,2.286,57.5,1813.7
C0030,28,2,1223.3,1106.2,2.503,2.298,56.5,1790.4
C0030,29,2,1219.9,1120.2,2.491,2.293,59.0,1807.2
C0030,30,2,1218.1,1104.7,2.5,2.315,57.2,1779.6
C0031,1,2,1229.0,1111.0,2.507,2.308,56.8,1786.4
C0031,2,2,1229.5,1112.7,2.495,2.293,61.9,1811.9
C0031,3,2,1233.7,1126.1,2.518,2.291,58.7,1809.1
C0031,4,2,1227.4,1120.8,2.505,2.302,57.4,1787.4
C0031,5,2,1224.3,1132.2,2.528,2.278,56.6,1803.0
C0031,6,2,1230.5,1111.7,2.495,2.294,58.2,1789.5
C0031,7,2,1232.8,1117.7,2.498,2.302,57.6,1824.6
C0031,8,2,1233.5,1120.5,2.503,2.287,58.4,1801.0
C0031,9,2,1233.0,1119.3,2.475,2.311,59.0,1803.6
C0031,10,2,1228.6,1126.5,2.496,2.307,58.7,1780.6
C0031,11,2,1230.2,1108.8,2.49,2.282,56.1,1797.5
C0031,12,2,1227.3,1121.1,2.493,2.285,56.2,1811.9
C0031,13,2,1230.2,1129.9,2.507,2.285,58.4,1789.7
C0031,14,2,1226.5,1111.6,2.481,2.306,58.5,1819.4
C0031,15,2,1231.8,1125.8,2.488,2.319,57.6,1814.5
C0031,16,2,1224.8,1129.3,2.515,2.304,55.9,1784.0
C0031,17,2,1233.0,1112.1,2.517,2.309,59.9,1765.9
C0031,18,2,1230.6,1100.3,2.484,2.298,56.6,1816.8
C0031,19,2,1227.6,1119.0,2.498,2.288,55.6,1793.1
C0031,20,2,1232.6,1109.3,2.511,2.311,60.3,1773.9
C0031,21,2,1229.1,1107.9,2.488,2.292,58.6,1802.5
C0031,22,2,1230.5,1118.4,2.488,2.313,60.1,1779.9
C0031,23,2,1229.3,1113.7,2.489,2.308,57.8,1785.6
C0031,24,2,1230.8,1117.5,2.5,2.292,59.2,1796.5
C0031,25,2,1230.9,1130.5,2.513,2.28,56.2,1790.1
C0031,26,2,1231.2,1112.2,2.505,2.293,60.0,1789.7
C0031,27,2,1230.8,1102.9,2.493,2.277,60.0,1789.0
C0031,28,2,1235.6,1112.8,2.496,2.296,57.5,1802.4
C0031,29,2,1223.7,1120.9,2.511,2.303,59.5,1789.1
C0031,30,2,1234.0,1102.0,2.493,2.3,57.3,1803.7
C0032,1,2,1235.3,1132.0,2.489,2.31,57.7,1792.4
C0032,2,2,1238.5,1112.9,2.483,2.291,56.7,1805.7
C0032,3,2,1236.6,1122.8,2.5,2.284,59.4,1814.6
C0032,4,2,1243.0,1113.2,2.484,2.301,57.7,1794.2
C0032,5,2,1239.4,1130.1,2.479,2.293,59.7,1816.8
C0032,6,2,1237.4,1122.8,2.504,2.295,58.4,1810.0
C0032,7,2,1235.9,1122.5,2.501,2.303,58.7,1787.5
C0032,8,2,1238.6,1132.1,2.478,2.309,59.0,1812.5
C0032,9,2,1236.0,1126.6,2.486,2.298,55.4,1771.7
C0032,10,2,1238.6,1106.0,2.483,2.296,57.3,1779.7
C0032,11,2,1239.4,1113.0,2.506,2.32,56.1,1798.5
C0032,12,2,1238.1,1112.7,2.47,2.321,58.3,1808.7
C0032,13,2,1235.7,1131.9,2.483,2.282,57.6,1798.2
C0032,14,2,1239.0,1141.7,2.487,2.312,58.9,1795.4
C0032,15,2,1236.1,1118.3,2.499,2.313,58.7,1809.8
C0032,16,2,1239.7,1124.1,2.494,2.315,57.8,1793.5
C0032,17,2,1236.3,1125.5,2.482,2.317,58.0,1804.7
C0032,18,2,1233.3,1146.8,2.491,2.293,56.9,1804.7
C0032,19,2,1235.3,1132.0,2.493,2.303,58.0,1781.2
C0032,20,2,1234.4,1127.9,2.475,2.288,58.2,1798.7
C0032,21,2,1240.4,1132.6,2.495,2.306,57.4,1807.7
C0032,22,2,1239.1,1115.8,2.501,2.298,56.1,1797.0
C0032,23,2,1241.4,1114.8,2.492,2.296,57.8,1802.8
C0032,24,2,1235.5,1133.2,2.477,2.283,57.0,1817.4
C0032,25,2,1231.6,1117.3,2.49,2.312,57.0,1818.0
C0032,26,2,1232.5,1122.6,2.497,2.309,55.4,1803.1
C0032,27,2,1238.6,1118.7,2.51,2.293,56.4,1824.6
C0032,28,2,1240.4,1134.5,2.468,2.307,58.5,1814.5
C0032,29,2,1240.1,1127.5,2.493,2.275,57.3,1805.7
C0032,30,2,1244.7,1121.2,2.485,2.301,56.4,1815.8
C0033,1,2,1228.0,1139.5,2.49,2.287,57.6,1806.8
C0033,2,2,1221.6,1127.8,2.49,2.286,58.0,1809.7
C0033,3,2,1228.1,1119.5,2.481,2.317,59.2,1807.3
C0033,4,2,1226.8,1132.4,2.498,2.286,58.6,1807.6
C0033,5,2,1226.0,1124.4,2.477,2.318,57.8,1813.7
C0033,6,2,1231.5,1132.7,2.48,2.294,58.7,1819.5
C0033,7,2,1227.6,1129.8,2.49,2.308,58.1,1791.1
C0033,8,2,1226.3,1134.9,2.503,2.306,59.1,1823.6
C0033,9,2,1225.5,1131.4,2.449,2.281,59.4,1815.4
C0033,10,2,1229.6,1140.2,2.49,2.279,57.5,1814.6
C0033,11,2,1227.1,1124.6,2.484,2.295,60.0,1840.0
C0033,12,2,1223.9,1138.5,2.478,2.292,57.8,1798.6
C0033,13,2,1220.8,1139.7,2.497,2.317,57.5,1834.4
C0033,14,2,1227.5,1124.1,2.49,2.306,58.0,1796.3
C0033,15,2,1226.0,1154.1,2.49,2.276,58.0,1829.2
C0033,16,2,1225.5,1140.5,2.508,2.306,58.4,1799.8
C0033,17,2,1233.6,1124.6,2.5,2.317,57.1,1820.5
C0033,18,2,1224.4,1124.5,2.468,2.29,58.5,1797.0
C0033,19,2,1232.2,1124.1,2.486,2.311,59.4,1804.1
C0033,20,2,1227.5,1126.8,2.475,2.315,57.2,1790.8
C0033,21,2,1232.6,1144.3,2.49,2.297,56.8,1844.0
C0033,22,2,1229.9,1127.2,2.496,2.294,57.9,1823.6
C0033,23,2,1231.0,1129.7,2.473,2.292,56.7,1805.0
C0033,24,2,1234.3,1119.2,2.49,2.305,56.5,1815.9
C0033,25,2,1228.5,1128.6,2.482,2.314,57.4,1834.8
C0033,26,2,1222.4,1130.4,2.49,2.32,58.0,1808.4
C0033,27,2,1227.7,1123.5,2.484,2.297,59.0,1796.6
C0033,28,2,1226.7,1130.0,2.512,2.313,56.2,1775.0
C0033,29,2,1229.4,1125.8,2.497,2.29,61.2,1789.9
C0033,30,2,1230.4,1147.1,2.479,2.288,60.3,1789.6
C0034,1,2,1239.4,1134.2,2.483,2.289,59.2,1813.4
C0034,2,2,1239.0,1141.3,2.458,2.313,56.3,1809.8
C0034,3,2,1239.4,1148.0,2.468,2.29,58.8,1815.5
C0034,4,2,1241.7,1132.0,2.487,2.281,57.4,1817.1
C0034,5,2,1235.8,1138.5,2.48,2.288,58.9,1793.5
C0034,6,2,1237.0,1142.5,2.474,2.312,57.8,1818.1
C0034,7,2,1233.9,1130.4,2.481,2.299,56.6,1788.7
C0034,8,2,1240.2,1130.4,2.495,2.298,56.5,1803.6
C0034,9,2,1239.3,1137.7,2.47,2.307,58.5,1802.1
C0034,10,2,1232.8,1147.6,2.5,2.285,57.0,1791.6
C0034,11,2,1240.2,1145.9,2.472,2.259,57.2,1811.3
C0034,12,2,1239.8,1146.0,2.485,2.309,60.4,1816.0
C0034,13,2,1235.9,1141.8,2.495,2.298,58.8,1811.3
C0034,14,2,1239.4,1151.2,2.48,2.298,57.6,1821.9
C0034,15,2,1239.2,1120.0,2.49,2.285,58.9,1807.4
C0034,16,2,1244.0,1138.7,2.488,2.298,57.0,1826.3
C0034,17,2,1235.3,1124.7,2.5,2.296,57.0,1831.4
C0034,18,2,1243.7,1141.5,2.469,2.297,57.7,1814.3
C0034,19,2,1240.1,1133.7,2.476,2.304,58.5,1807.6
C0034,20,2,1241.9,1138.5,2.497,2.29,59.1,1816.3
C0034,21,2,1247.1,1136.4,2.494,2.301,55.7,1810.3
C0034,22,2,1237.9,1126.9,2.487,2.309,58.1,1813.0
C0034,23,2,1233.3,1125.4,2.478,2.3,59.4,1822.1
C0034,24,2,1235.6,1122.7,2.491,2.281,58.0,1819.3
C0034,25,2,1240.9,1127.2,2.481,2.296,55.4,1797.2
C0034,26,2,1242.4,1136.3,2.492,2.281,58.3,1795.9
C0034,27,2,1236.0,1120.3,2.495,2.284,57.7,1810.6
C0034,28,2,1239.1,1137.2,2.484,2.331,57.7,1827.2
C0034,29,2,1239.8,1146.2,2.47,2.299,59.3,1817.2
C0034,30,2,1235.8,1121.5,2.465,2.319,57.1,1819.2
C0035,1,2,1231.0,1149.6,2.477,2.301,58.6,1831.9
C0035,2,2,1232.9,1150.8,2.459,2.301,57.1,1813.3
C0035,3,2,1230.9,1147.0,2.463,2.31,55.9,1823.7
C0035,4,2,1225.6,1140.7,2.469,2.296,58.2,1817.0
C0035,5,2,1232.0,1142.3,2.458,2.303,60.3,1805.8
C0035,6,2,1231.6,1137.0,2.499,2.308,59.4,1810.5
C0035,7,2,1229.3,1161.0,2.475,2.297,56.7,1809.9
C0035,8,2,1229.1,1167.3,2.484,2.324,59.0,1821.1
C0035,9,2,1232.6,1137.7,2.451,2.281,57.0,1813.0
C0035,10,2,1228.7,1142.7,2.491,2.299,57.2,1813.1
C0035,11,2,1227.3,1133.7,2.479,2.283,55.6,1797.1
C0035,12,2,1233.4,1152.6,2.446,2.298,57.6,1808.3
C0035,13,2,1234.1,1152.0,2.462,2.313,60.1,1816.9
C0035,14,2,1225.3,1163.0,2.479,2.288,59.8,1801.6
C0035,15,2,1226.3,1143.4,2.452,2.301,56.7,1801.2
C0035,16,2,1235.1,1152.2,2.477,2.307,57.1,1806.5
C0035,17,2,1232.9,1143.0,2.499,2.281,55.1,1804.1
C0035,18,2,1228.9,1151.8,2.472,2.285,57.4,1810.8
C0035,19,2,1229.2,1157.1,2.461,2.301,58.8,1808.3
C0035,20,2,1227.9,1159.6,2.486,2.29,56.8,1806.0
C0035,21,2,1232.4,1138.3,2.481,2.317,59.7,1826.1
C0035,22,2,1226.3,1155.7,2.464,2.307,59.8,1820.8
C0035,23,2,1234.5,1130.9,2.472,2.276,58.1,1811.8
C0035,24,2,1227.8,1127.1,2.48,2.27,57.2,1819.4
C0035,25,2,1229.2,1158.1,2.492,2.32,57.8,1812.4
C0035,26,2,1230.5,1153.4,2.452,2.296,58.6,1805.2
C0035,27,2,1229.3,1145.3,2.482,2.297,57.0,1816.0
C0035,28,2,1234.3,1147.5,2.479,2.288,56.2,1797.4
C0035,29,2,1228.4,1157.3,2.473,2.32,56.6,1802.8
C0035,30,2,1232.9,1140.1,2.484,2.304,59.1,1826.8
C0036,1,2,1240.3,1159.1,2.451,2.315,56.8,1841.6
C0036,2,2,1225.0,1153.8,2.469,2.295,56.8,1821.9
C0036,3,2,1233.3,1151.9,2.443,2.295,57.9,1839.1
C0036,4,2,1231.2,1153.8,2.471,2.302,58.5,1794.9
C0036,5,2,1232.4,1154.7,2.492,2.303,57.3,1850.1
C0036,6,2,1236.1,1153.2,2.473,2.283,58.8,1827.4
C0036,7,2,1234.4,1148.4,2.475,2.285,56.8,1818.6
C0036,8,2,1233.4,1151.0,2.473,2.292,56.8,1827.2
C0036,9,2,1226.7,1140.4,2.448,2.293,58.5,1820.8
C0036,10,2,1231.1,1151.8,2.474,2.294,58.6,1810.8
C0036,11,2,1232.5,1165.9,2.486,2.316,57.4,1809.5
C0036,12,2,1234.6,1158.0,2.469,2.303,57.5,1820.5
C0036,13,2,1234.4,1153.4,2.487,2.321,57.4,1837.6
C0036,14,2,1232.8,1163.4,2.473,2.297,57.6,1813.9
C0036,15,2,1229.5,1165.5,2.458,2.303,55.4,1809.9
C0036,16,2,1228.5,1153.0,2.443,2.319,57.9,1830.5
C0036,17,2,1227.8,1136.6,2.46,2.304,58.0,1830.0
C0036,18,2,1229.9,1152.0,2.467,2.318,58.7,1812.8
C0036,19,2,1234.1,1151.4,2.47,2.273,57.9,1820.1
C0036,20,2,1231.5,1159.5,2.48,2.285,57.7,1824.8
C0036,21,2,1232.1,1144.4,2.476,2.316,60.5,1809.3
C0036,22,2,1235.3,1147.6,2.49,2.318,58.0,1821.1
C0036,23,2,1228.7,1136.6,2.484,2.314,59.3,1837.9
C0036,24,2,1229.8,1143.7,2.475,2.313,59.1,1836.8
C0036,25,2,1237.3,1144.6,2.444,2.303,57.8,1831.1
C0036,26,2,1226.9,1139.3,2.448,2.327,59.8,1826.4
C0036,27,2,1227.5,1157.3,2.468,2.284,58.4,1801.5
C0036,28,2,1234.7,1143.8,2.475,2.292,57.4,1825.6
C0036,29,2,1232.0,1142.0,2.477,2.28,57.7,1804.1
C0036,30,2,1229.1,1150.1,2.475,2.309,59.8,1832.0
C0037,1,2,1233.2,1163.7,2.477,2.288,57.7,1796.5
C0037,2,2,1231.2,1151.0,2.48,2.266,58.9,1817.2
C0037,3,2,1235.2,1151.4,2.46,2.282,55.5,1816.6
C0037,4,2,1236.6,1160.0,2.48,2.302,58.1,1838.6
C0037,5,2,1232.6,1158.5,2.445,2.327,60.4,1832.0
C0037,6,2,1236.8,1184.9,2.477,2.281,58.2,1796.2
C0037,7,2,1236.4,1146.1,2.477,2.301,57.9,1833.5
C0037,8,2,1235.7,1150.9,2.457,2.302,57.7,1825.4
C0037,9,2,1233.7,1165.6,2.484,2.31,55.9,1839.8
C0037,10,2,1241.9,1148.2,2.476,2.312,58.8,1820.0
C0037,11,2,1234.7,1146.8,2.463,2.297,58.7,1795.4
C0037,12,2,1236.5,1171.3,2.45,2.289,55.7,1833.9
C0037,13,2,1243.3,1155.0,2.443,2.31,57.1,1852.7
C0037,14,2,1243.8,1163.6,2.463,2.314,58.0,1821.6
C0037,15,2,1234.5,1146.9,2.47,2.298,59.6,1829.5
C0037,16,2,1232.6,1161.0,2.446,2.312,58.1,1812.7
C0037,17,2,1234.2,1165.9,2.463,2.315,58.3,1815.5
C0037,18,2,1233.2,1160.3,2.448,2.308,55.7,1835.1
C0037,19,2,1239.8,1161.9,2.449,2.298,57.7,1826.8
C0037,20,2,1234.3,1155.1,2.456,2.306,59.1,1831.5
C0037,21,2,1238.2,1171.3,2.474,2.289,59.4,1785.8
C0037,22,2,1235.3,1164.4,2.46,2.289,57.4,1819.6
C0037,23,2,1232.0,1152.1,2.476,2.294,59.5,1827.9
C0037,24,2,1238.7,1168.2,2.474,2.284,56.8,1816.9
C0037,25,2,1234.3,1163.5,2.469,2.314,54.2,1817.1
C0037,26,2,1235.8,1154.5,2.461,2.302,58.8,1807.2
C0037,27,2,1232.8,1174.0,2.466,2.313,57.9,1819.8
C0037,28,2,1234.0,1154.8,2.466,2.329,59.1,1819.8
C0037,29,2,1234.9,1159.2,2.45,2.299,56.6,1806.1
C0037,30,2,1237.5,1164.2,2.489,2.326,57.0,1817.3
C0038,1,2,1240.4,1194.1,2.447,2.302,55.6,1829.1
C0038,2,2,1242.6,1177.2,2.453,2.313,58.7,1813.3
C0038,3,2,1240.1,1173.9,2.454,2.303,56.5,1819.8
C0038,4,2,1246.9,1158.3,2.462,2.311,57.2,1823.5
C0038,5,2,1240.6,1167.0,2.461,2.306,57.5,1827.7
C0038,6,2,1236.2,1173.5,2.458,2.288,58.2,1851.5
C0038,7,2,1234.3,1179.3,2.465,2.28,59.0,1846.4
C0038,8,2,1237.6,1162.9,2.424,2.292,58.2,1829.9
C0038,9,2,1234.2,1155.2,2.451,2.315,57.6,1844.3
C0038,10,2,1238.4,1151.3,2.465,2.309,58.4,1839.3
C0038,11,2,1236.2,1165.6,2.468,2.289,56.9,1823.5
C0038,12,2,1238.1,1173.8,2.456,2.29,57.5,1834.0
C0038,13,2,1240.6,1175.5,2.444,2.319,58.4,1830.2
C0038,14,2,1241.5,1182.0,2.443,2.31,57.3,1834.6
C0038,15,2,1233.7,1168.6,2.477,2.282,59.1,1845.9
C0038,16,2,1239.4,1169.3,2.445,2.339,58.4,1852.9
C0038,17,2,1236.8,1153.0,2.451,2.322,55.4,1820.8
C0038,18,2,1239.4,1173.9,2.46,2.318,58.9,1842.5
C0038,19,2,1242.8,1160.4,2.456,2.308,57.4,1833.1
C0038,20,2,1238.1,1155.0,2.463,2.282,57.8,1864.5
C0038,21,2,1239.9,1171.9,2.45,2.315,59.1,1849.3
C0038,22,2,1244.2,1170.9,2.463,2.31,56.1,1825.1
C0038,23,2,1238.3,1150.5,2.476,2.323,56.8,1836.7
C0038,24,2,1237.4,1163.8,2.466,2.302,58.9,1846.1
C0038,25,2,1238.8,1163.0,2.482,2.28,58.5,1823.0
C0038,26,2,1237.4,1159.6,2.454,2.317,57.1,1827.7
C0038,27,2,1236.2,1171.2,2.446,2.3,59.2,1855.9
C0038,28,2,1236.0,1160.4,2.467,2.286,58.1,1833.3
C0038,29,2,1233.2,1166.4,2.443,2.346,60.3,1842.7
C0038,30,2,1239.6,1154.9,2.432,2.288,59.3,1798.1
C0039,1,2,1241.7,1167.4,2.438,2.317,59.8,1836.1
C0039,2,2,1237.5,1174.4,2.456,2.312,56.1,1857.3
C0039,3,2,1238.0,1179.4,2.433,2.274,59.9,1834.9
C0039,4,2,1245.8,1203.4,2.459,2.3,58.9,1838.8
C0039,5,2,1237.4,1180.8,2.457,2.291,57.6,1848.4
C0039,6,2,1241.8,1167.7,2.459,2.322,56.4,1830.9
C0039,7,2,1238.6,1155.9,2.458,2.332,56.5,1845.2
C0039,8,2,1239.0,1176.5,2.451,2.314,57.4,1832.0
C0039,9,2,1242.8,1176.6,2.469,2.313,57.3,1820.2
C0039,10,2,1244.2,1177.6,2.456,2.316,57.1,1843.6
C0039,11,2,1242.7,1160.8,2.468,2.299,57.3,1802.8
C0039,12,2,1238.7,1165.4,2.438,2.287,59.4,1834.1
C0039,13,2,1243.9,1189.7,2.45,2.29,58.9,1837.0
C0039,14,2,1241.3,1181.5,2.438,2.305,59.5,1846.7
C0039,15,2,1244.2,1175.9,2.477,2.275,57.8,1837.2
C0039,16,2,1241.9,1165.7,2.437,2.316,57.7,1860.7
C0039,17,2,1243.6,1175.2,2.455,2.301,59.2,1852.0
C0039,18,2,1242.3,1181.4,2.432,2.321,58.3,1823.6
C0039,19,2,1242.4,1163.2,2.457,2.302,59.4,1834.5
C0039,20,2,1238.7,1174.2,2.46,2.287,60.4,1840.2
C0039,21,2,1245.1,1189.9,2.461,2.278,60.6,1831.0
C0039,22,2,1243.7,1162.8,2.464,2.284,57.7,1821.6
C0039,23,2,1237.6,1175.0,2.475,2.305,57.6,1849.3
C0039,24,2,1237.9,1168.5,2.467,2.305,56.0,1831.1
C0039,25,2,1242.1,1174.7,2.441,2.287,57.6,1833.0
C0039,26,2,1239.0,1170.6,2.472,2.284,59.1,1824.2
C0039,27,2,1235.6,1171.7,2.448,2.317,58.0,1846.4
C0039,28,2,1239.7,1170.5,2.45,2.301,57.9,1836.9
C0039,29,2,1239.5,1195.6,2.449,2.317,57.7,1846.4
C0039,30,2,1242.1,1172.9,2.445,2.31,58.2,1815.5
C0040,1,2,1226.8,1182.6,2.47,2.318,57.7,1849.0
C0040,2,2,1230.5,1176.1,2.444,2.295,59.0,1830.7
C0040,3,2,1228.9,1192.3,2.439,2.335,57.2,1857.1
C0040,4,2,1229.9,1175.4,2.453,2.317,55.8,1853.2
C0040,5,2,1235.4,1194.0,2.452,2.311,58.4,1859.0
C0040,6,2,1228.4,1198.4,2.461,2.316,58.8,1825.6
C0040,7,2,1230.6,1177.2,2.456,2.326,57.3,1843.0
C0040,8,2,1234.3,1174.5,2.451,2.316,59.0,1835.1
C0040,9,2,1229.7,1191.3,2.473,2.302,59.1,1859.9
C0040,10,2,1236.0,1172.1,2.459,2.293,58.6,1844.3
C0040,11,2,1230.3,1192.8,2.468,2.323,57.0,1856.4
C0040,12,2,1226.2,1183.8,2.45,2.306,58.7,1831.9
C0040,13,2,1224.5,1183.0,2.455,2.285,58.4,1850.5
C0040,14,2,1229.2,1178.8,2.445,2.308,60.6,1815.8
C0040,15,2,1226.9,1183.2,2.444,2.281,58.1,1830.8
C0040,16,2,1231.9,1191.3,2.463,2.291,56.2,1828.7
C0040,17,2,1231.7,1198.6,2.448,2.273,58.6,1847.6
C0040,18,2,1232.7,1164.3,2.45,2.291,57.9,1845.3
C0040,19,2,1226.9,1182.5,2.439,2.307,58.5,1842.6
C0040,20,2,1228.0,1186.2,2.429,2.297,57.0,1831.2
C0040,21,2,1231.3,1176.4,2.451,2.308,59.7,1850.5
C0040,22,2,1233.6,1174.9,2.464,2.334,59.0,1836.4
C0040,23,2,1224.1,1179.5,2.455,2.275,61.1,1820.5
C0040,24,2,1231.5,1187.5,2.468,2.306,58.4,1853.6
C0040,25,2,1225.3,1183.7,2.455,2.295,58.7,1853.3
C0040,26,2,1228.6,1174.1,2.446,2.313,58.8,1827.2
C0040,27,2,1227.4,1177.6,2.441,2.289,59.7,1837.7
C0040,28,2,1235.3,1174.3,2.437,2.272,58.2,1855.6
C0040,29,2,1232.3,1182.5,2.439,2.28,59.4,1827.1
C0040,30,2,1230.1,1180.0,2.442,2.294,57.7,1841.7
