측정시각,불량여부,센서01,센서02,센서03,센서04,센서05,센서06,센서07,센서08,센서09,센서10,센서11,센서12,센서13,센서14,센서15,센서16,센서17,센서18,센서19,센서20
19/07/2008 11:55:00,0,1.5,0.016,-0.003,0.946,202.44,0.0,7.956,414.871,,3030.93,0.0,3.275,0.41,1.062,5.735,0.183,,,,
19/07/2008 12:32:00,0,1.497,-0.0,-0.015,0.963,200.547,0.0,10.155,414.735,208.204,3095.78,0.0,2.809,0.35,1.353,7.12,0.283,,,0.02,0.006
19/07/2008 13:17:00,1,1.444,0.004,0.001,0.962,202.018,0.0,9.516,416.708,82.86,2932.61,0.0,3.748,0.47,0.794,7.162,0.086,485.266,0.412,0.048,0.015
19/07/2008 14:43:00,0,1.488,-0.012,-0.003,0.963,201.848,0.0,9.605,422.289,73.843,2988.72,0.0,2.805,0.35,1.165,56.93,0.681,464.974,2.729,0.015,0.004
19/07/2008 15:22:00,0,1.503,-0.003,-0.007,0.957,201.942,0.0,10.566,420.592,73.843,3032.24,0.0,3.447,0.43,1.464,9.761,0.429,,,,
19/07/2008 17:53:00,0,1.529,0.017,0.006,0.97,200.472,0.0,8.662,414.243,44.008,2946.25,0.0,3.602,0.45,1.271,7.245,0.533,,1.87,0.015,0.005
19/07/2008 19:44:00,0,1.582,-0.027,0.01,0.959,202.09,0.0,9.035,415.885,44.008,3030.27,0.0,2.809,0.35,0.505,5.471,0.069,,,,
19/07/2008 19:45:00,0,1.515,0.016,0.001,0.948,202.417,0.0,13.687,408.402,95.031,3058.88,0.0,3.832,0.48,0.617,6.479,0.185,,2.935,0.019,0.006
19/07/2008 20:24:00,0,1.536,0.011,-0.007,0.949,202.454,0.0,12.684,417.601,111.652,2967.68,0.0,3.832,0.48,0.671,8.21,0.153,,2.368,0.012,0.004
19/07/2008 21:35:00,0,1.538,0.016,0.005,0.944,202.6,0.0,12.428,413.368,90.229,3016.11,0.0,3.832,0.48,0.907,6.509,0.31,,2.654,0.019,0.007
19/07/2008 21:57:00,1,1.514,-0.019,0.001,0.943,201.712,0.0,11.857,411.957,57.812,2994.05,0.0,3.69,0.46,0.752,7.888,0.093,466.082,3.482,0.02,0.007
19/07/2008 22:52:00,1,1.469,0.017,-0.015,0.944,202.126,0.0,9.108,419.902,75.508,2928.84,0.0,3.832,0.48,1.299,7.152,0.346,,1.257,0.028,0.008
20/07/2008 03:35:00,0,1.531,-0.026,0.022,0.96,202.127,0.0,8.483,415.518,52.204,2920.07,0.0,3.221,0.4,1.837,8.533,0.347,469.54,,0.01,0.003
21/07/2008 08:21:00,0,1.524,-0.021,-0.003,0.944,226.009,0.0,9.769,409.888,52.204,3051.44,0.0,118.753,12.71,0.867,7.155,0.044,,1.749,,
21/07/2008 11:53:00,1,1.447,0.014,-0.012,0.958,195.379,0.0,9.756,422.368,142.908,2963.97,0.0,3.853,0.48,1.062,6.302,0.322,467.653,,0.029,0.008
22/07/2008 00:03:00,0,1.546,0.025,-0.002,0.962,192.979,0.0,12.436,424.754,100.274,2988.31,0.0,2.969,0.37,0.751,7.826,0.066,464.286,,0.017,0.004
22/07/2008 02:59:00,0,1.437,0.015,-0.004,0.962,195.174,0.0,12.18,428.983,82.099,3028.02,0.0,3.928,0.49,1.211,7.02,0.35,468.481,1.948,0.015,0.004
22/07/2008 08:41:00,0,1.554,0.022,-0.003,0.961,195.342,0.0,10.0,420.473,82.099,3032.73,0.0,3.928,0.49,,,,469.221,0.8,,
22/07/2008 11:47:00,0,1.548,-0.037,0.001,0.963,196.275,0.0,8.406,409.14,82.099,3040.34,0.0,3.594,0.45,1.74,6.18,0.162,468.316,1.319,,
22/07/2008 14:00:00,0,1.536,-0.026,-0.018,0.961,197.179,0.0,13.342,404.567,47.159,2988.3,0.0,2.786,0.35,1.46,8.169,0.485,464.736,,0.011,0.003
22/07/2008 15:30:00,0,1.634,-0.026,0.012,0.959,200.826,0.0,11.922,414.306,47.159,2987.32,0.0,3.928,0.49,0.756,6.109,0.116,468.132,1.358,,
23/07/2008 05:15:00,0,1.556,0.0,-0.004,0.962,196.632,0.0,13.626,410.695,34.415,,0.0,3.928,0.49,1.506,10.898,0.277,467.252,1.426,0.006,0.002
23/07/2008 19:22:00,0,1.546,0.02,-0.011,0.949,199.639,0.0,15.435,418.248,114.598,3002.27,0.0,3.928,0.49,1.798,6.91,0.129,465.523,2.51,0.029,0.008
25/07/2008 15:23:00,1,1.558,-0.032,-0.014,0.964,196.184,0.0,11.623,434.794,216.887,2884.74,0.0,3.928,0.49,0.74,7.746,0.188,467.606,,0.021,0.008
27/07/2008 04:18:00,0,1.423,0.019,0.007,0.976,199.018,0.0,4.704,406.742,125.06,3010.41,0.0,2.783,0.35,0.647,8.983,0.226,466.13,,0.036,0.01
27/07/2008 09:37:00,0,1.514,0.002,0.006,0.958,205.992,0.0,10.661,413.153,125.06,2979.74,0.0,4.428,0.55,0.637,8.791,0.275,468.128,1.876,,
27/07/2008 11:10:00,0,1.486,-0.002,-0.006,0.959,206.403,0.0,14.814,419.091,125.06,3067.35,0.0,4.428,0.55,,,,463.069,2.739,,
27/07/2008 15:46:00,0,1.558,-0.01,0.02,0.957,199.608,0.0,5.769,405.888,216.955,2988.99,0.0,2.817,0.35,0.845,5.289,0.122,467.285,3.925,0.04,0.012
27/07/2008 16:06:00,0,1.544,0.006,0.003,0.959,206.444,0.0,11.308,403.428,127.507,2972.78,0.0,3.268,0.41,0.845,6.023,0.175,459.38,2.548,0.016,0.005
27/07/2008 16:49:00,0,1.42,-0.002,0.014,0.962,198.72,0.0,6.872,414.152,146.872,2981.85,0.0,3.268,0.41,1.397,9.239,0.353,465.977,1.435,0.018,0.006
27/07/2008 20:24:00,0,1.448,-0.013,0.018,0.952,199.66,0.0,7.4,422.941,81.546,2975.88,0.0,4.428,0.55,0.556,7.666,0.137,465.104,,0.017,0.006
27/07/2008 22:28:00,0,1.56,0.004,-0.006,0.96,206.515,0.0,11.399,417.389,197.995,3058.61,0.0,3.268,0.41,1.54,9.544,0.69,465.83,3.023,0.016,0.005
27/07/2008 22:28:00,0,1.584,-0.027,-0.003,0.958,199.472,0.0,11.665,414.221,197.995,3047.19,0.0,4.428,0.55,1.701,8.253,0.555,469.459,0.431,,
27/07/2008 23:14:00,0,1.505,-0.022,0.006,0.972,199.298,0.0,9.594,417.114,197.995,2981.31,,3.138,0.39,0.69,7.637,0.187,468.217,3.531,,
28/07/2008 03:31:00,0,1.537,-0.018,0.017,0.976,199.58,0.0,7.203,419.312,74.156,2963.83,0.0,3.268,0.41,0.593,7.016,0.138,464.246,3.094,0.02,0.007
28/07/2008 03:48:00,0,1.348,-0.015,0.012,0.952,200.107,0.0,4.525,400.754,74.156,3040.72,0.0,4.073,0.5,0.587,6.368,0.18,462.647,4.116,,
28/07/2008 04:37:00,0,1.532,-0.019,0.009,0.961,199.281,0.0,7.476,422.068,56.822,2989.47,0.0,2.817,0.35,1.272,8.133,0.453,468.643,,0.016,0.005
28/07/2008 05:36:00,0,1.44,-0.016,0.021,0.965,199.661,0.0,5.804,410.41,152.682,2981.54,0.0,2.817,0.35,0.651,9.064,0.228,467.584,2.513,0.016,0.004
28/07/2008 06:45:00,1,1.478,-0.013,0.008,0.966,199.666,0.0,5.497,409.984,100.728,2958.09,0.0,3.022,0.38,1.045,38.421,0.543,468.556,,0.015,0.005
28/07/2008 08:36:00,0,1.534,0.01,-0.001,0.96,200.166,0.0,5.287,420.173,100.728,3017.21,0.0,3.049,0.38,0.78,10.414,0.139,466.3,,,
28/07/2008 15:11:00,1,1.542,-0.018,0.014,0.969,198.73,0.0,6.44,417.85,45.426,2962.14,0.0,3.268,0.41,0.725,8.74,0.146,472.914,1.684,0.009,0.003
28/07/2008 23:57:00,0,1.465,-0.001,0.014,0.953,200.098,0.0,5.791,403.637,73.882,3017.1,0.0,4.428,0.55,,,,465.261,1.34,0.016,0.006
29/07/2008 04:08:00,0,1.504,0.008,0.009,0.954,199.888,0.0,5.109,406.99,171.852,3021.26,0.0,4.428,0.55,1.881,8.092,0.322,465.497,1.482,0.03,0.009
29/07/2008 05:16:00,0,1.534,-0.021,0.007,0.962,193.987,0.0,5.502,407.323,83.056,3000.36,0.0,11.225,1.38,0.626,8.785,0.268,466.887,,0.03,0.01
29/07/2008 06:19:00,0,1.576,-0.022,-0.008,0.961,202.134,0.0,5.37,414.067,106.181,3047.78,0.0,4.164,0.52,1.419,9.296,0.216,466.298,,0.016,0.005
29/07/2008 08:23:00,1,1.534,-0.028,0.005,0.962,201.786,0.0,5.105,408.76,113.372,2912.87,0.0,4.164,0.52,0.577,8.299,0.18,464.678,2.269,0.016,0.005
29/07/2008 11:47:00,0,1.492,-0.003,0.003,0.949,200.04,0.0,13.986,420.14,102.267,3076.38,0.0,4.164,0.52,1.41,7.845,0.408,464.761,,0.023,0.007
29/07/2008 15:41:00,0,1.518,0.011,0.011,0.948,200.0,0.0,5.138,421.588,110.545,3055.97,0.0,4.164,0.52,0.73,9.812,0.161,467.345,,0.016,0.005
29/07/2008 15:49:00,1,1.553,0.017,0.007,0.961,199.322,0.0,7.359,416.814,56.036,2993.59,0.0,3.049,0.38,1.144,8.945,0.33,462.822,3.038,0.014,0.004
29/07/2008 17:05:00,1,1.552,-0.034,0.006,0.949,195.919,0.0,4.79,406.429,55.832,2946.86,0.0,4.164,0.52,0.774,8.214,0.154,467.604,,0.016,0.006
29/07/2008 18:08:00,1,1.572,-0.01,0.005,0.962,201.482,0.0,6.507,418.819,55.832,2942.31,0.0,3.049,0.38,,,,465.68,,,
29/07/2008 21:07:00,0,1.528,-0.019,-0.008,0.945,200.438,0.0,16.593,426.847,63.97,2993.14,0.0,4.164,0.52,0.596,8.915,0.172,467.066,3.613,0.016,0.005
29/07/2008 23:14:00,0,1.471,0.044,0.015,0.949,196.472,0.0,3.513,397.744,50.871,2938.41,0.0,4.164,0.52,0.541,8.626,0.117,463.717,,0.018,0.006
29/07/2008 23:19:00,0,1.532,-0.001,0.005,0.953,200.003,0.0,13.439,422.305,50.871,3058.98,,3.138,0.39,,,,467.975,0.371,,
30/07/2008 06:30:00,0,1.649,-0.024,0.003,0.945,200.405,0.0,5.332,422.217,21.992,2950.46,0.0,4.164,0.52,0.94,7.712,0.313,466.55,1.013,0.005,0.002
30/07/2008 07:08:00,0,1.551,-0.002,0.003,0.944,199.42,0.0,4.903,427.575,115.1,3060.03,0.0,4.164,0.52,0.702,10.294,0.212,469.8,,0.011,0.003
30/07/2008 12:02:00,0,1.487,0.036,0.003,0.957,199.744,0.0,3.366,393.667,157.857,2983.09,0.0,2.715,0.34,0.799,10.574,0.133,465.612,3.518,0.019,0.007
30/07/2008 12:29:00,1,1.479,0.005,0.012,0.961,198.632,0.0,2.249,396.968,109.427,2935.94,0.0,3.69,0.46,1.116,7.6,0.293,468.456,0.865,0.022,0.006
30/07/2008 21:16:00,1,1.444,-0.018,0.026,0.957,200.035,0.0,4.214,404.606,145.634,3004.09,0.0,3.268,0.41,0.603,6.25,0.191,467.311,1.04,0.03,0.01
31/07/2008 13:57:00,0,1.563,-0.016,-0.001,0.954,199.844,0.0,5.283,415.469,46.459,3020.76,0.0,3.138,0.39,,,,464.849,2.104,0.013,0.005
31/07/2008 15:36:00,0,1.593,0.016,-0.004,0.967,191.15,0.0,4.173,396.881,107.833,3042.08,0.0,2.715,0.34,1.051,8.045,0.183,464.495,3.714,0.022,0.008
31/07/2008 17:07:00,0,1.564,0.02,0.004,0.964,191.479,0.0,10.246,410.013,100.176,3000.56,0.0,2.715,0.34,0.737,7.039,0.152,464.778,2.878,0.018,0.006
31/07/2008 20:18:00,1,1.473,0.021,0.003,0.976,191.225,0.0,11.414,408.294,87.303,2990.22,0.0,2.784,0.35,1.618,10.192,0.696,465.745,4.947,0.017,0.005
01/08/2008 02:02:00,0,1.507,0.013,-0.002,0.965,201.893,0.0,11.444,425.767,20.891,3016.64,0.0,4.185,0.52,0.548,7.993,0.181,467.89,2.45,0.006,0.002
01/08/2008 05:52:00,1,1.467,-0.009,0.007,0.968,195.262,0.0,14.16,426.28,187.355,2980.84,0.0,,,0.598,8.041,0.212,466.162,3.233,0.056,0.015
01/08/2008 10:20:00,0,1.497,-0.008,0.007,0.968,195.641,0.0,9.973,409.566,33.452,2847.81,0.0,2.407,0.3,,,,467.922,2.746,0.012,0.003
01/08/2008 10:26:00,0,1.473,-0.004,0.014,0.97,195.493,0.0,15.95,429.724,134.201,,0.0,2.407,0.3,0.828,6.78,0.059,465.96,1.727,0.019,0.006
01/08/2008 11:28:00,0,1.508,-0.009,0.007,0.966,195.596,0.0,17.117,430.605,134.201,2975.64,0.0,4.185,0.52,0.606,7.709,0.108,467.846,1.739,,
01/08/2008 12:29:00,0,1.444,0.001,0.009,0.967,194.458,0.0,17.206,428.595,121.548,3066.19,0.0,2.407,0.3,1.134,10.201,0.53,466.521,2.811,0.013,0.004
01/08/2008 14:07:00,0,1.557,0.019,0.008,0.968,201.699,0.0,10.158,405.836,65.231,2873.35,0.0,2.715,0.34,0.723,9.228,0.161,494.491,1.975,0.012,0.004
01/08/2008 15:10:00,0,1.569,0.006,-0.006,0.968,201.515,0.0,12.655,418.855,98.174,3045.03,0.0,4.185,0.52,1.337,8.302,0.383,462.501,3.0,0.011,0.004
02/08/2008 03:39:00,0,1.577,-0.036,0.008,0.965,195.916,0.0,5.952,408.612,98.174,3090.18,0.0,2.715,0.34,0.566,10.92,0.116,467.335,2.888,,
03/08/2008 13:09:00,0,1.44,0.001,0.001,0.956,200.174,0.0,7.386,400.351,80.724,2955.85,0.0,4.185,0.52,0.64,9.354,0.192,468.831,,0.029,0.009
03/08/2008 14:06:00,0,1.483,-0.018,0.006,0.964,195.416,0.0,4.565,395.986,32.33,3006.23,0.0,4.164,0.52,0.531,7.231,0.085,457.17,2.64,0.009,0.003
03/08/2008 14:25:00,0,1.498,0.023,-0.004,0.954,202.574,0.0,4.08,399.078,32.33,2958.05,0.0,,,,,,,2.686,,
03/08/2008 15:03:00,0,1.466,-0.01,-0.003,0.959,199.695,0.0,8.386,402.837,169.64,2999.72,0.0,1.603,0.2,0.564,5.529,0.112,465.407,1.633,0.01,0.003
03/08/2008 15:27:00,0,1.441,0.025,0.002,0.951,202.15,0.0,3.151,403.256,169.64,2918.9,0.0,4.317,0.54,1.556,10.285,0.267,,2.414,,
03/08/2008 16:00:00,0,1.537,-0.016,0.002,0.953,200.184,0.0,3.434,427.129,117.616,2926.07,0.0,4.185,0.52,0.634,7.72,0.108,467.222,2.244,0.054,0.014
03/08/2008 17:00:00,0,1.462,-0.003,-0.004,0.958,199.565,0.0,9.019,405.293,114.413,3032.89,0.0,1.603,0.2,1.76,6.677,0.272,471.612,3.059,0.018,0.006
03/08/2008 17:58:00,0,1.526,0.017,-0.01,0.961,201.486,0.0,12.902,419.964,70.18,2865.31,0.0,4.185,0.52,1.482,8.873,0.524,466.332,,0.012,0.004
03/08/2008 20:23:00,0,1.491,-0.0,-0.002,0.968,199.206,0.0,10.66,397.567,69.422,2855.8,0.0,2.407,0.3,0.777,10.187,0.129,464.634,2.279,0.015,0.005
03/08/2008 22:52:00,0,1.522,-0.028,-0.001,0.958,195.826,0.0,5.132,410.202,59.207,2930.22,0.0,2.407,0.3,0.816,7.895,0.11,468.324,4.115,0.011,0.003
04/08/2008 00:39:00,1,1.582,-0.001,0.006,0.965,201.96,0.0,4.748,404.693,15.291,2971.99,0.0,2.407,0.3,0.662,8.599,0.201,465.212,1.562,0.004,0.002
04/08/2008 03:45:00,0,1.588,-0.011,0.016,0.956,194.692,0.0,7.596,427.158,15.291,2940.53,0.0,4.317,0.54,1.657,9.763,0.568,,1.698,,
04/08/2008 03:49:00,0,1.603,-0.025,0.003,0.964,199.48,0.0,8.083,397.944,48.907,2916.41,0.0,2.784,0.35,1.557,8.941,0.445,465.801,,0.015,0.004
04/08/2008 13:19:00,0,1.488,0.025,-0.004,0.949,202.287,0.0,2.908,416.9,48.907,3047.67,0.0,3.607,0.45,0.916,7.435,0.029,465.464,,,
04/08/2008 14:04:00,0,1.555,0.024,-0.011,0.961,202.249,0.0,12.422,405.706,48.907,3082.45,0.0,3.607,0.45,1.679,8.917,0.295,463.359,2.901,,
04/08/2008 14:31:00,0,1.33,-0.001,0.001,0.954,202.647,0.0,4.054,405.261,118.305,3088.82,0.0,4.724,0.59,0.825,6.356,0.095,,1.982,0.024,0.008
04/08/2008 15:29:00,0,1.317,0.043,0.023,0.951,202.146,0.0,4.716,415.68,96.397,3090.42,0.0,4.724,0.59,0.906,5.124,0.139,,,0.036,0.012
04/08/2008 16:15:00,0,1.499,-0.004,-0.001,0.967,199.629,0.0,11.74,427.76,41.378,3031.9,,1.603,0.2,0.458,7.569,0.039,465.055,2.211,0.008,0.003
04/08/2008 16:31:00,0,1.453,-0.008,-0.01,0.949,201.701,0.0,4.776,405.149,41.378,3029.16,0.0,4.641,0.58,0.801,8.317,0.193,,3.285,,
04/08/2008 17:11:00,0,1.587,0.009,0.035,0.953,194.391,0.0,4.673,403.354,114.75,3040.63,0.0,3.138,0.39,0.924,6.985,0.019,467.048,2.61,0.032,0.01
04/08/2008 17:46:00,0,1.541,-0.01,-0.017,0.963,193.97,0.0,8.179,412.836,114.75,3039.93,0.0,3.138,0.39,1.776,7.279,0.154,467.784,4.012,,
04/08/2008 18:24:00,0,1.502,-0.004,0.001,0.963,199.645,0.0,9.47,404.736,114.75,2922.94,0.0,30.708,3.86,,,,460.152,3.296,,
04/08/2008 19:58:00,0,1.541,-0.01,0.004,0.961,199.646,0.0,3.836,399.767,114.75,3046.33,0.0,4.317,0.54,,,,464.371,1.535,,
04/08/2008 20:32:00,0,1.505,-0.011,0.007,0.948,203.275,0.0,13.429,408.639,114.75,3081.07,0.0,3.607,0.45,,,,460.919,2.815,,
04/08/2008 20:58:00,1,1.499,-0.009,0.001,0.955,199.678,0.0,7.621,395.572,192.298,2992.4,0.0,2.407,0.3,1.187,10.583,0.375,469.465,3.895,0.018,0.006
04/08/2008 21:43:00,0,1.531,0.001,0.003,0.965,198.611,0.0,15.478,422.509,192.298,3049.31,0.0,4.724,0.59,1.368,6.195,0.312,,,,
04/08/2008 22:51:00,0,1.623,0.006,0.019,0.965,198.9,0.0,14.089,416.666,192.298,3011.49,0.0,4.724,0.59,,,,,,,
04/08/2008 23:33:00,0,1.512,-0.01,0.005,0.977,198.436,0.0,10.179,405.21,53.637,2913.15,0.0,2.784,0.35,0.678,10.97,0.164,465.218,,0.011,0.003
05/08/2008 00:04:00,0,1.504,0.005,0.004,0.965,199.048,0.0,14.423,415.852,53.637,3080.26,0.0,4.724,0.59,0.848,5.694,0.039,,,,
05/08/2008 01:12:00,0,1.361,-0.0,-0.005,0.956,208.267,0.0,17.86,422.95,53.637,3070.5,0.0,4.724,0.59,,,,,1.036,,
05/08/2008 02:15:00,0,1.458,0.0,0.0,0.96,208.633,0.0,18.863,421.802,72.378,2960.18,0.0,,,1.262,10.091,0.358,,5.654,0.014,0.004
05/08/2008 02:36:00,0,1.575,-0.006,-0.002,0.965,197.637,0.0,15.023,418.032,66.417,2960.65,0.0,4.641,0.58,1.14,11.619,0.351,,,0.021,0.007
05/08/2008 02:45:00,0,1.405,-0.028,-0.009,0.956,199.318,0.0,12.907,432.902,66.417,3000.46,0.0,4.02,0.5,0.72,8.54,0.252,,4.617,,
05/08/2008 03:17:00,0,1.404,0.009,0.017,0.946,206.351,0.0,5.953,400.171,115.106,2946.86,0.0,,,0.58,7.524,0.262,,3.224,0.022,0.008
05/08/2008 03:36:00,0,1.398,-0.009,0.004,0.956,199.471,0.0,13.495,426.936,68.666,2831.91,0.0,4.084,0.51,0.604,9.108,0.11,,1.691,0.008,0.003
05/08/2008 03:54:00,0,1.488,0.002,0.009,0.951,203.308,0.0,3.636,404.986,40.87,2872.4,0.0,,,0.74,7.827,0.168,,3.545,0.013,0.004
05/08/2008 04:32:00,0,1.432,-0.011,0.003,0.954,199.639,0.0,13.032,425.652,22.42,3054.78,0.0,30.708,3.86,0.653,8.16,0.194,,5.297,0.007,0.002
05/08/2008 04:35:00,0,1.464,-0.009,-0.006,0.95,202.757,0.0,12.784,416.949,41.783,3086.88,0.0,3.609,0.45,0.867,7.526,0.142,,,0.015,0.006
05/08/2008 05:11:00,0,1.524,0.022,0.015,0.969,199.376,0.0,4.412,404.908,99.45,2913.42,0.0,1.603,0.2,0.596,6.465,0.191,464.183,2.872,0.014,0.004
05/08/2008 06:10:00,0,1.585,0.028,0.012,0.967,199.1,0.0,6.018,408.985,99.45,3039.57,0.0,,,0.817,10.588,0.208,,2.968,,
05/08/2008 06:11:00,0,1.55,-0.002,0.003,0.964,199.042,0.0,13.644,406.211,99.45,2958.13,0.0,4.02,0.5,0.628,8.469,0.212,,1.39,,
05/08/2008 06:21:00,0,1.445,-0.013,0.015,0.942,198.86,0.0,4.751,406.291,293.261,2928.16,0.0,30.708,3.86,1.672,9.241,0.503,464.297,,0.014,0.005
05/08/2008 07:12:00,0,1.463,-0.009,0.001,0.966,201.83,0.0,12.795,407.834,293.261,2951.2,0.0,2.225,0.28,0.966,7.604,0.334,,,,
05/08/2008 07:12:00,1,1.452,0.007,0.015,0.966,198.858,0.0,5.724,403.932,45.684,3002.85,0.0,3.365,0.42,2.066,10.371,2.524,470.465,,0.017,0.004
05/08/2008 07:48:00,0,1.444,0.001,-0.006,0.949,202.999,0.0,11.797,401.278,45.684,3046.34,0.0,30.708,3.86,1.406,9.354,0.256,,2.343,,
05/08/2008 08:50:00,0,1.517,-0.014,0.009,0.95,202.842,0.0,15.282,422.861,44.122,,0.0,4.317,0.54,0.91,9.899,0.191,,1.568,0.01,0.003
05/08/2008 09:48:00,0,1.474,0.002,0.007,0.944,206.447,0.0,5.812,401.296,44.122,2985.11,0.0,30.708,3.86,,,,,2.282,,
05/08/2008 14:17:00,0,1.405,-0.008,0.004,0.966,199.079,0.0,11.479,404.347,56.858,2943.58,0.0,30.708,3.86,1.668,9.331,0.586,465.774,3.901,0.014,0.004
05/08/2008 14:45:00,0,1.465,0.031,-0.007,0.966,199.681,0.0,18.141,411.609,53.316,2992.89,0.0,,,1.522,8.492,0.694,462.702,3.127,0.012,0.004
05/08/2008 15:45:00,0,1.538,0.033,-0.001,0.966,199.275,0.0,11.711,399.63,248.317,2962.27,0.0,4.02,0.5,0.742,7.192,0.2,462.936,1.972,0.055,0.015
05/08/2008 20:04:00,0,1.537,-0.001,0.001,0.956,197.971,0.0,9.693,415.142,35.555,3043.67,0.0,2.407,0.3,0.726,9.214,0.138,461.753,2.498,0.009,0.003
05/08/2008 21:07:00,0,1.537,-0.013,-0.001,0.952,210.518,0.0,5.679,417.405,35.555,3024.46,0.0,,,0.599,6.557,0.223,464.959,0.636,,
05/08/2008 21:22:00,0,1.497,-0.005,-0.0,0.963,201.684,0.0,16.834,426.766,35.555,3032.81,0.0,2.96,0.37,0.689,6.959,0.155,,1.714,,
05/08/2008 23:02:00,0,1.364,-0.017,0.003,0.967,197.526,0.0,12.65,415.399,188.299,3020.12,0.0,1.459,0.18,0.541,7.648,0.088,463.756,3.74,0.038,0.012
05/08/2008 23:06:00,0,1.412,-0.0,0.014,0.964,198.458,0.0,12.544,415.001,188.299,2955.3,0.0,4.185,0.52,1.06,9.726,0.445,467.872,2.861,,
05/08/2008 23:38:00,0,1.543,0.006,-0.006,0.974,200.121,0.0,2.817,415.462,188.299,3100.44,0.0,2.96,0.37,1.178,7.118,0.225,,2.789,,
06/08/2008 00:04:00,0,1.431,0.038,-0.004,0.967,198.25,0.0,5.023,403.646,87.663,2976.48,0.0,4.185,0.52,1.258,12.002,0.67,463.831,,0.013,0.004
06/08/2008 02:20:00,0,1.44,-0.018,-0.001,0.967,202.769,0.0,5.208,408.731,35.215,3056.5,0.0,2.407,0.3,0.584,7.138,0.177,466.696,3.048,0.012,0.004
06/08/2008 03:22:00,0,1.47,-0.009,0.008,0.951,210.618,0.0,5.872,420.8,71.575,3017.5,0.0,2.407,0.3,1.143,5.421,0.596,467.104,1.525,0.015,0.005
06/08/2008 05:40:00,1,1.424,-0.008,0.007,0.956,199.132,0.0,5.59,414.106,289.923,3003.13,0.0,3.609,0.45,0.583,6.633,0.201,460.241,1.534,0.017,0.006
06/08/2008 09:56:00,0,1.387,-0.009,0.003,0.951,197.688,0.0,12.632,414.527,289.923,2924.23,0.0,4.185,0.52,1.323,9.116,0.52,464.218,,,
06/08/2008 09:57:00,0,1.471,-0.015,0.006,0.967,199.555,0.0,10.072,406.124,289.923,3023.86,0.0,1.603,0.2,1.05,5.612,0.386,456.045,3.479,,
06/08/2008 12:33:00,0,1.484,-0.008,-0.0,0.966,200.065,0.0,3.446,415.211,289.923,3020.46,0.0,4.481,0.56,,,,,1.935,,
06/08/2008 13:35:00,0,1.332,0.007,0.01,0.961,202.518,0.0,6.105,402.114,289.923,3035.71,0.0,4.02,0.5,,,,,1.383,,
06/08/2008 17:35:00,0,1.47,0.002,0.012,0.961,197.603,0.0,4.111,397.748,289.923,2917.86,0.0,4.02,0.5,0.583,8.533,0.199,,1.834,,
06/08/2008 18:00:00,0,1.371,0.004,0.007,0.98,197.723,0.0,13.122,405.328,289.923,3044.46,0.0,2.225,0.28,,,,,3.283,,
06/08/2008 18:34:00,0,1.452,-0.003,0.009,0.96,198.395,0.0,3.04,427.738,289.923,2959.65,0.0,30.708,3.86,1.106,9.143,0.495,,0.898,,
06/08/2008 19:13:00,0,1.381,-0.002,-0.015,0.972,197.787,0.0,10.8,405.026,289.923,2936.3,0.0,1.834,0.23,1.17,10.057,0.296,,2.151,,
06/08/2008 19:24:00,0,1.567,-0.007,-0.007,0.962,202.342,0.0,12.289,407.812,289.923,3001.41,0.0,3.179,0.4,,,,461.742,2.22,,
06/08/2008 20:00:00,0,1.449,0.002,-0.004,0.965,202.469,0.0,10.389,402.124,289.923,3072.73,0.0,3.179,0.4,0.861,5.841,0.137,463.681,1.932,,
06/08/2008 20:17:00,0,1.492,-0.011,0.014,0.953,198.828,0.0,12.034,424.572,31.274,2989.63,0.0,30.708,3.86,,,,,2.419,0.011,0.004
06/08/2008 21:15:00,0,1.415,-0.004,0.004,0.953,198.123,0.0,11.138,401.599,112.862,3027.1,0.0,1.603,0.2,0.595,9.166,0.094,462.144,3.335,0.015,0.005
06/08/2008 22:27:00,0,1.479,0.002,-0.008,0.976,197.628,0.0,12.435,399.736,397.5,2950.0,0.0,1.603,0.2,0.661,11.219,0.241,463.436,3.627,0.022,0.006
06/08/2008 23:40:00,0,1.478,-0.02,-0.006,0.968,197.566,0.0,12.086,407.854,397.5,3095.5,0.0,1.459,0.18,,,,469.921,2.046,,
06/08/2008 23:45:00,0,1.46,0.003,0.007,0.962,202.373,0.0,4.589,400.958,397.5,3049.19,0.0,4.02,0.5,0.563,9.387,0.048,,2.291,,
07/08/2008 00:51:00,0,1.557,0.0,-0.003,0.963,202.538,0.0,5.594,420.998,397.5,3050.47,0.0,4.185,0.52,1.339,9.303,0.294,465.516,2.203,,
07/08/2008 07:30:00,0,1.564,-0.014,-0.005,0.969,202.688,0.0,6.019,415.117,397.5,2957.73,0.0,3.059,0.38,0.84,9.258,0.192,,2.952,,
07/08/2008 08:21:00,0,1.442,-0.004,-0.004,0.951,202.86,0.0,3.593,398.981,102.894,2963.35,0.0,3.607,0.45,1.474,7.119,0.552,459.948,1.749,0.019,0.006
07/08/2008 08:45:00,0,1.571,-0.014,-0.003,0.96,197.348,0.0,11.554,421.389,102.894,2983.27,0.0,4.087,0.51,1.556,7.914,0.407,462.915,1.73,,
07/08/2008 08:55:00,0,1.58,0.01,-0.003,0.953,199.63,0.0,5.776,418.467,102.894,3095.06,0.0,3.944,0.49,,,,,,,
07/08/2008 10:12:00,0,1.464,0.0,0.005,0.956,198.239,0.0,11.792,420.157,45.37,2999.18,0.0,,,0.836,9.561,0.149,,2.144,0.015,0.004
07/08/2008 11:10:00,0,1.431,0.002,0.008,0.961,201.926,0.0,5.746,419.809,58.566,2939.56,0.0,3.365,0.42,0.804,8.897,0.185,464.957,3.345,0.012,0.004
07/08/2008 11:40:00,1,1.454,-0.005,-0.0,0.955,198.229,0.0,9.522,403.388,58.566,2973.86,0.0,3.609,0.45,0.611,10.236,0.111,,1.968,,
08/08/2008 04:55:00,0,1.489,-0.001,-0.009,0.96,202.723,0.0,2.447,412.428,131.254,3052.82,0.0,3.277,0.41,0.726,8.786,0.199,464.894,3.779,0.03,0.01
08/08/2008 07:26:00,0,1.557,-0.021,-0.004,0.952,202.449,0.0,2.963,414.344,131.254,2914.47,0.0,4.02,0.5,1.005,8.488,0.243,468.515,3.66,,
08/08/2008 08:44:00,1,1.468,0.003,0.002,0.965,196.784,0.0,3.346,419.715,128.282,2959.86,0.0,1.459,0.18,1.533,8.311,0.293,,1.873,0.018,0.005
08/08/2008 12:37:00,1,1.405,-0.008,0.004,0.963,195.525,0.0,11.711,408.099,128.282,2964.77,0.0,3.277,0.41,0.694,9.242,0.273,464.729,2.777,,
08/08/2008 20:21:00,0,1.586,-0.014,-0.008,0.965,198.157,0.0,4.204,411.906,223.652,3045.7,0.0,3.902,0.49,0.519,8.098,0.086,464.645,1.98,0.018,0.007
08/08/2008 21:22:00,0,1.455,-0.012,-0.02,0.958,201.068,0.0,19.546,429.036,62.125,3057.03,0.0,3.902,0.49,1.383,4.251,0.366,467.983,1.279,0.012,0.005
08/08/2008 21:53:00,0,1.452,-0.021,0.003,0.965,198.884,0.0,3.668,405.278,185.568,2969.52,0.0,2.96,0.37,1.278,8.969,0.374,468.098,2.131,0.014,0.004
08/08/2008 22:06:00,0,1.458,0.006,-0.013,0.958,200.438,0.0,12.723,416.517,47.085,2892.37,0.0,4.46,0.56,0.694,8.19,0.202,470.121,0.69,0.01,0.003
08/08/2008 22:25:00,0,1.406,-0.008,0.006,0.964,196.524,0.0,13.166,411.068,64.824,3026.77,0.0,3.607,0.45,0.585,6.976,0.217,462.798,,0.022,0.007
09/08/2008 02:15:00,0,1.555,-0.013,0.004,0.953,199.322,0.0,3.39,400.125,143.327,2999.01,0.0,4.087,0.51,1.169,4.965,0.36,462.151,1.686,0.011,0.004
09/08/2008 02:37:00,0,1.47,-0.016,0.008,0.976,198.467,0.0,4.466,406.212,143.327,3072.75,0.0,1.594,0.2,,,,463.934,4.553,,
09/08/2008 06:05:00,0,1.513,-0.015,-0.004,0.958,198.961,0.0,10.666,409.224,23.351,3090.97,0.0,3.902,0.49,1.237,4.497,0.52,466.602,1.787,0.01,0.003
09/08/2008 09:16:00,1,1.528,-0.007,0.0,0.97,197.595,0.0,4.497,410.546,23.351,2889.26,0.0,4.796,0.6,0.883,8.95,0.154,464.725,1.291,,
09/08/2008 09:22:00,0,1.438,-0.013,-0.001,0.962,199.641,0.0,9.378,412.891,23.351,2964.85,0.0,3.902,0.49,0.57,6.432,0.15,465.3,0.947,,
09/08/2008 11:42:00,1,1.547,-0.013,0.003,0.95,200.066,0.0,4.9,409.967,23.351,3041.56,0.0,4.796,0.6,1.469,9.132,0.237,493.666,,,
09/08/2008 17:34:00,0,1.444,-0.012,-0.001,0.961,200.493,0.0,6.361,418.374,47.812,2908.06,0.0,2.96,0.37,0.582,8.092,0.129,465.77,2.864,0.012,0.004
09/08/2008 19:03:00,0,1.519,-0.005,-0.004,0.979,197.645,0.0,4.966,405.044,213.771,2949.65,0.0,2.868,0.36,0.747,8.169,0.192,474.023,,0.013,0.004
09/08/2008 20:04:00,0,1.477,-0.007,0.015,0.962,198.496,0.0,4.61,418.549,62.944,2954.44,0.0,4.159,0.52,0.81,7.182,0.138,466.922,0.995,0.016,0.005
09/08/2008 21:07:00,0,1.579,0.002,0.018,0.902,198.682,0.0,4.443,401.382,62.944,3018.0,0.0,3.506,0.44,,,,,4.585,,
09/08/2008 22:15:00,0,1.588,0.01,0.003,0.974,197.061,0.0,4.023,409.658,62.944,2929.2,0.0,2.868,0.36,0.613,7.828,0.181,470.436,2.338,,
09/08/2008 22:37:00,0,1.614,0.015,0.008,0.953,199.309,0.0,4.66,427.491,62.944,3071.09,0.0,30.708,3.86,,,,,12.746,,
09/08/2008 23:17:00,0,1.387,-0.002,0.004,0.968,197.578,0.0,5.268,423.28,62.944,3033.95,0.0,1.459,0.18,0.694,10.629,0.198,463.719,1.884,,
09/08/2008 23:34:00,0,1.544,-0.011,0.006,0.972,202.306,0.0,4.506,419.24,62.944,3075.87,0.0,1.459,0.18,0.69,6.945,0.068,465.047,,,
10/08/2008 00:09:00,0,1.562,0.017,-0.012,0.97,198.117,0.0,14.041,414.312,100.91,2846.07,0.0,2.466,0.31,0.79,9.981,0.1,464.967,1.884,0.017,0.007
10/08/2008 00:46:00,0,1.55,0.011,0.0,0.968,198.124,0.0,4.422,405.681,0.0,2916.54,0.0,2.466,0.31,1.253,6.531,0.356,462.7,1.884,0.022,0.007
10/08/2008 06:00:00,1,1.407,0.006,0.003,0.976,198.673,0.0,13.276,408.013,0.0,3058.89,0.0,2.868,0.36,1.001,9.518,0.235,466.057,1.227,,
10/08/2008 06:41:00,0,1.478,0.005,-0.001,0.969,198.386,0.0,3.644,404.32,0.0,2997.07,0.0,2.466,0.31,1.256,6.999,0.392,464.098,1.549,,
10/08/2008 07:01:00,1,1.449,-0.001,0.004,0.959,201.431,0.0,4.476,414.649,264.752,2928.03,0.0,4.159,0.52,1.488,10.285,0.598,464.741,2.524,0.02,0.008
10/08/2008 11:16:00,0,1.455,-0.027,0.003,0.952,202.973,0.0,9.87,406.502,264.752,3028.65,,3.609,0.45,1.312,8.624,0.279,463.278,,,
10/08/2008 11:49:00,0,1.608,0.014,-0.015,0.969,197.847,0.0,11.834,402.596,264.752,2943.34,0.0,1.459,0.18,1.183,6.13,0.536,461.157,3.928,,
10/08/2008 12:22:00,0,1.498,0.006,-0.001,0.957,199.67,0.0,11.898,420.743,264.752,3022.71,0.0,4.317,0.54,1.67,6.942,0.368,466.67,,,
10/08/2008 15:59:00,1,1.51,-0.017,0.008,0.972,200.331,0.0,4.74,428.762,118.229,2936.64,0.0,1.594,0.2,1.358,11.609,0.419,461.815,2.948,0.019,0.005
10/08/2008 19:07:00,0,1.462,-0.002,0.01,0.972,200.454,0.0,9.536,404.123,211.618,3035.2,0.0,2.868,0.36,1.076,8.883,0.285,467.189,,0.022,0.007
10/08/2008 20:07:00,1,1.475,-0.011,0.028,0.974,201.016,0.0,5.167,417.262,211.618,3074.69,0.0,1.594,0.2,,,,464.865,4.287,,
10/08/2008 22:26:00,1,1.47,-0.006,0.011,0.972,200.763,0.0,6.187,421.22,211.618,2938.03,0.0,2.225,0.28,1.28,11.196,0.325,,1.28,,
11/08/2008 03:06:00,0,1.496,-0.012,0.013,0.945,197.284,0.0,14.63,409.466,170.464,3024.74,0.0,4.675,0.59,0.715,9.473,0.152,470.473,1.881,0.019,0.006
11/08/2008 04:09:00,0,1.603,-0.016,0.01,0.952,197.622,0.0,9.994,411.096,170.464,3109.01,0.0,4.675,0.59,1.767,6.914,0.31,469.651,1.058,,
11/08/2008 05:15:00,0,1.384,-0.015,0.01,0.962,197.923,0.0,12.779,406.387,170.464,2956.64,0.0,4.062,0.51,0.649,8.68,0.224,465.042,,,
11/08/2008 11:35:00,0,1.604,0.002,0.011,0.945,200.251,0.0,6.046,422.703,170.464,3024.15,0.0,4.675,0.59,1.106,6.62,0.352,469.719,1.411,,
11/08/2008 12:38:00,0,1.484,-0.033,0.01,0.962,197.526,0.0,13.377,405.134,112.582,2997.41,0.0,4.062,0.51,0.58,8.514,0.112,463.34,1.909,0.024,0.007
12/08/2008 04:23:00,0,1.515,0.003,0.01,0.953,203.088,0.0,10.726,395.228,112.582,3030.17,0.0,3.609,0.45,0.722,7.618,0.197,467.888,,,
12/08/2008 06:16:00,0,1.533,-0.018,0.013,0.952,198.662,0.0,4.4,404.921,104.001,2967.4,,3.138,0.39,1.345,10.891,0.436,464.141,1.948,0.013,0.004
12/08/2008 10:54:00,0,1.483,-0.01,0.013,0.955,198.76,0.0,4.92,407.382,78.194,3067.34,0.0,4.46,0.56,0.713,10.395,0.114,463.557,1.171,0.013,0.005
12/08/2008 11:29:00,0,1.568,-0.02,0.01,0.966,203.008,0.0,5.136,406.867,188.247,3074.63,0.0,1.459,0.18,,,,468.019,,0.02,0.006
12/08/2008 12:04:00,0,1.348,0.031,-0.011,0.95,199.954,0.0,7.159,397.571,0.0,2992.92,0.0,4.062,0.51,1.597,10.584,0.659,463.708,,0.024,0.008
13/08/2008 02:48:00,0,1.428,0.006,-0.012,0.943,198.805,0.0,4.263,412.501,76.458,2896.63,0.0,4.675,0.59,,,,470.28,1.409,0.009,0.003
15/08/2008 03:26:00,0,1.4,0.006,-0.019,0.974,195.102,0.0,10.198,417.554,76.458,3054.13,0.0,1.459,0.18,,,,463.686,,,
15/08/2008 04:14:00,0,1.536,-0.009,0.004,0.961,199.496,0.0,3.01,392.535,76.458,3031.39,0.0,4.183,0.52,1.275,9.678,1.185,462.033,,,
15/08/2008 05:13:00,0,1.433,0.006,0.001,0.958,195.508,0.0,4.063,409.716,76.458,2981.95,0.0,4.837,0.6,0.676,5.285,0.181,466.685,,,
15/08/2008 09:38:00,0,1.431,0.009,0.003,0.964,208.124,0.0,14.054,423.27,76.458,2977.98,0.0,2.408,0.3,,,,467.579,1.927,,
15/08/2008 10:14:00,0,1.51,0.006,0.009,0.961,207.145,0.0,13.402,426.636,76.458,3072.35,0.0,2.408,0.3,0.798,5.168,0.084,465.678,3.454,,
15/08/2008 11:42:00,0,1.393,-0.023,-0.014,0.946,199.509,0.0,8.081,391.371,76.458,2998.59,0.0,4.675,0.59,0.794,10.365,0.088,462.698,1.697,,
15/08/2008 18:19:00,0,1.497,-0.017,0.003,0.962,198.62,0.0,6.878,412.603,76.458,2855.96,0.0,4.755,0.59,0.768,8.389,0.095,470.015,,,
15/08/2008 19:19:00,0,1.466,0.006,-0.014,0.948,197.815,0.0,4.083,411.41,76.458,2962.13,0.0,4.896,0.61,1.246,6.619,0.343,467.933,0.953,,
15/08/2008 20:00:00,0,1.484,-0.018,0.008,0.954,199.99,0.0,13.616,424.779,38.978,3051.32,0.0,4.755,0.59,0.554,7.314,0.102,469.06,3.36,0.012,0.004
15/08/2008 20:03:00,0,1.378,-0.022,-0.002,0.962,199.89,0.0,12.749,413.047,38.978,3104.4,0.0,4.755,0.59,1.185,5.357,0.551,472.69,,,
15/08/2008 23:31:00,0,1.509,-0.003,-0.002,0.95,199.125,0.0,5.26,417.094,38.978,2892.99,0.0,4.896,0.61,0.735,3.652,0.142,467.276,1.364,,
16/08/2008 02:21:00,0,1.557,0.002,0.012,0.957,200.216,0.0,9.384,427.701,38.978,2995.76,0.0,4.68,0.59,0.956,6.315,0.476,466.315,,,
16/08/2008 05:47:00,0,1.428,0.005,0.009,0.945,204.267,0.0,7.307,403.078,38.978,3034.34,0.0,4.356,0.55,0.8,6.476,0.064,465.542,,,
16/08/2008 06:52:00,0,1.451,-0.013,-0.011,0.95,203.986,0.0,10.872,406.216,38.978,3075.76,0.0,4.183,0.52,1.128,7.082,0.149,467.645,,,
16/08/2008 07:33:00,0,1.454,0.016,0.007,0.953,199.322,0.0,7.402,411.363,0.0,3043.05,0.0,4.606,0.57,1.277,8.959,0.607,464.997,,0.021,0.007
16/08/2008 08:39:00,0,1.358,-0.002,-0.014,0.966,200.324,0.0,6.435,392.419,61.601,2940.5,0.0,4.606,0.57,0.506,9.888,0.047,462.206,2.008,0.021,0.007
16/08/2008 08:41:00,0,1.534,-0.001,-0.002,0.968,198.788,0.0,7.008,403.408,44.175,3065.36,0.0,2.408,0.3,1.291,6.63,0.455,,4.973,0.012,0.004
16/08/2008 09:44:00,1,1.367,-0.015,0.005,0.958,198.409,0.0,14.188,426.196,44.175,3038.21,0.0,4.68,0.59,1.177,5.375,0.292,466.277,2.768,,
16/08/2008 13:51:00,0,1.403,0.017,-0.002,0.976,198.836,0.0,9.733,418.661,170.584,2912.76,0.0,2.811,0.35,1.225,6.658,0.442,470.114,0.714,0.016,0.006
16/08/2008 14:30:00,0,1.521,0.008,-0.013,0.96,197.864,0.0,7.661,410.694,51.92,3091.71,0.0,4.896,0.61,0.776,6.103,0.065,465.84,2.824,0.016,0.006
16/08/2008 15:16:00,0,1.536,0.004,-0.001,0.945,198.137,0.0,5.131,415.138,30.222,2907.96,0.0,4.896,0.61,1.028,9.144,0.29,466.022,1.327,0.013,0.005
16/08/2008 15:19:00,1,1.36,0.012,-0.003,0.962,199.756,0.0,6.87,396.966,30.222,3037.49,0.0,4.606,0.57,1.106,10.602,0.261,464.161,,,
16/08/2008 23:48:00,0,1.436,0.014,-0.006,0.95,203.096,0.0,12.375,417.733,21.656,2971.15,0.0,4.68,0.59,0.541,9.26,0.153,466.469,,0.005,0.002
17/08/2008 00:52:00,0,1.506,0.022,0.002,0.969,201.784,0.0,8.296,420.554,51.806,3076.52,0.0,2.408,0.3,1.813,8.747,0.438,466.397,2.769,0.015,0.005
17/08/2008 01:53:00,0,1.478,-0.0,-0.011,0.952,202.323,0.0,7.918,415.712,31.468,2999.86,0.0,4.896,0.61,0.868,7.66,0.184,466.564,2.347,0.008,0.003
17/08/2008 03:17:00,0,1.47,0.028,-0.006,0.969,201.91,0.0,7.696,421.832,59.384,2992.52,0.0,2.408,0.3,,,,465.198,1.677,0.013,0.004
17/08/2008 03:18:00,0,1.441,0.016,-0.007,0.97,201.761,0.0,8.633,421.048,44.177,3109.02,0.0,2.811,0.35,1.44,5.562,0.598,458.524,,0.014,0.004
17/08/2008 03:46:00,0,1.468,0.002,0.0,0.957,201.706,0.0,6.183,401.811,98.113,2954.1,0.0,4.68,0.59,1.672,7.68,0.482,463.952,1.19,0.013,0.005
17/08/2008 04:19:00,0,1.456,-0.008,-0.012,0.954,199.666,0.0,10.1,408.692,98.113,3006.22,0.0,4.68,0.59,0.762,3.605,0.234,468.53,,,
17/08/2008 05:21:00,0,1.373,0.006,-0.002,0.948,203.34,0.0,12.42,424.526,98.113,3088.73,0.0,4.183,0.52,0.863,8.565,0.22,466.507,,,
17/08/2008 12:16:00,1,1.498,0.022,-0.006,0.971,201.972,0.0,7.763,410.516,83.119,2940.65,0.0,2.408,0.3,1.609,10.676,0.15,465.6,3.93,0.01,0.003
17/08/2008 13:34:00,0,1.391,-0.002,-0.001,0.963,199.772,0.0,7.636,414.551,272.348,2948.42,0.0,4.52,0.57,1.111,6.651,0.251,471.97,2.514,0.009,0.003
17/08/2008 14:21:00,0,1.488,-0.005,-0.004,0.949,199.045,0.0,5.857,416.434,272.348,2958.39,0.0,4.756,0.6,1.358,3.605,0.886,470.656,1.884,,
17/08/2008 15:25:00,0,1.448,-0.023,-0.0,0.971,199.203,0.0,11.888,407.076,272.348,3025.01,0.0,2.811,0.35,0.72,9.579,0.187,461.18,1.398,,
17/08/2008 21:26:00,1,1.426,-0.034,-0.002,0.969,199.187,0.0,11.921,413.646,272.348,3045.71,0.0,2.811,0.35,,,,461.793,,,
17/08/2008 22:03:00,1,1.372,0.0,-0.018,0.955,206.838,0.0,6.049,400.567,272.348,3035.98,0.0,4.68,0.59,0.559,8.279,0.234,,3.161,,
17/08/2008 22:21:00,0,1.522,-0.018,0.009,0.948,202.871,0.0,6.126,398.573,30.744,2908.04,0.0,4.122,0.51,1.382,10.736,0.251,,1.007,0.008,0.002
17/08/2008 23:04:00,1,1.356,-0.006,-0.022,0.955,207.03,0.0,11.426,407.276,34.749,2984.45,0.0,4.68,0.59,,,,,2.162,0.007,0.002
17/08/2008 23:20:00,0,1.36,0.006,-0.003,0.947,202.877,0.0,5.059,393.698,78.538,3061.98,0.0,7.446,0.93,1.104,7.513,0.408,462.236,2.688,0.018,0.005
17/08/2008 23:55:00,1,1.519,-0.017,0.01,0.968,198.195,0.0,7.417,414.552,176.033,2900.69,0.0,2.811,0.35,0.679,12.41,0.26,468.348,1.445,0.027,0.01
18/08/2008 00:02:00,1,1.411,-0.0,-0.009,0.943,202.558,0.0,11.223,423.826,176.033,2916.02,0.0,4.68,0.59,1.174,9.793,0.265,,3.47,,
18/08/2008 00:20:00,0,1.474,0.005,-0.003,0.953,200.41,0.0,10.958,412.022,176.033,2959.2,0.0,3.958,0.5,0.552,7.636,0.152,,2.201,,
18/08/2008 01:23:00,1,1.51,-0.001,0.013,0.951,199.371,0.0,4.547,406.608,176.033,2963.75,0.0,4.266,0.54,0.963,6.267,0.308,466.862,2.316,,
18/08/2008 04:01:00,1,1.445,-0.015,-0.009,0.954,203.213,0.0,9.195,423.275,176.033,3107.79,0.0,4.183,0.52,1.549,6.554,0.918,468.104,1.647,,
18/08/2008 04:12:00,0,1.419,-0.03,0.007,0.955,199.036,0.0,11.501,425.233,176.033,2981.08,0.0,4.01,0.5,0.755,7.259,0.042,467.927,,,
18/08/2008 04:35:00,0,1.424,-0.006,-0.009,0.957,202.649,0.0,12.573,418.433,176.033,2985.06,0.0,3.772,0.47,,,,467.269,1.112,,
18/08/2008 05:03:00,0,1.492,-0.007,-0.004,0.952,198.732,0.0,11.353,411.225,176.033,3043.17,0.0,3.937,0.49,0.568,4.997,0.147,,,,
18/08/2008 05:25:00,0,1.449,0.018,-0.002,0.944,200.256,0.0,8.937,422.477,220.038,3056.95,0.0,3.937,0.49,,,,,1.732,0.027,0.008
18/08/2008 06:07:00,0,1.481,-0.011,-0.005,0.959,200.517,0.0,10.991,415.617,220.038,3050.29,0.0,4.637,0.58,1.013,8.014,0.295,466.91,,,
