unit_nr,time_cycles,setting_1,setting_2,setting_3,s_2,s_3,s_4,s_7,s_11
1,1,0.001,0.0,100.0,640.69,1585.21,1399.3,554.17,46.931
1,2,-0.0003,-0.0002,100.0,641.13,1585.55,1401.18,554.36,46.857
1,3,0.0013,0.0,100.0,641.25,1584.72,1400.84,554.0,47.22
1,4,0.003,0.0001,100.0,641.97,1585.94,1401.26,554.13,47.152
1,5,-0.0005,-0.0002,100.0,641.58,1585.72,1401.36,553.87,46.956
1,6,-0.0005,0.0,100.0,640.93,1585.51,1400.67,554.31,47.317
1,7,0.0032,0.0,100.0,640.81,1586.08,1400.37,553.65,47.172
1,8,0.0015,-0.0002,100.0,641.47,1586.94,1400.25,554.37,47.024
1,9,-0.0009,0.0001,100.0,640.69,1586.11,1399.62,553.8,46.77
1,10,0.0011,0.0001,100.0,642.14,1586.26,1401.94,553.36,47.353
1,11,-0.0009,0.0002,100.0,641.87,1586.05,1401.7,553.81,46.919
1,12,-0.0009,0.0002,100.0,641.16,1585.97,1401.1,553.55,46.896
1,13,0.0005,-0.0003,100.0,640.64,1586.89,1400.19,553.98,47.224
1,14,-0.0038,-0.0002,100.0,642.05,1586.19,1401.46,553.51,47.402
1,15,-0.0034,0.0001,100.0,641.42,1586.75,1401.48,553.55,47.283
1,16,-0.0011,0.0001,100.0,642.06,1586.59,1402.54,553.1,47.193
1,17,-0.002,0.0001,100.0,640.81,1587.19,1400.81,553.51,47.204
1,18,0.0006,0.0008,100.0,641.29,1587.23,1401.79,552.9,47.243
1,19,-0.0018,0.0001,100.0,641.6,1587.72,1402.15,553.13,47.24
1,20,-0.0028,0.0002,100.0,641.65,1587.02,1402.08,553.81,47.19
1,21,0.0029,0.0002,100.0,641.45,1587.26,1401.58,553.8,47.177
1,22,-0.0005,0.0001,100.0,641.97,1586.99,1401.56,553.67,47.164
1,23,0.0001,-0.0001,100.0,641.24,1587.39,1401.63,553.23,47.089
1,24,-0.0028,0.0002,100.0,641.69,1587.96,1402.19,553.49,47.154
1,25,-0.0011,-0.0002,100.0,641.84,1588.29,1402.48,553.48,46.992
1,26,0.0002,-0.0,100.0,642.04,1587.46,1402.04,553.11,47.191
1,27,-0.0023,-0.0001,100.0,642.16,1588.59,1402.35,553.89,47.092
1,28,0.0008,0.0,100.0,641.37,1588.99,1402.36,553.68,47.086
1,29,-0.0012,0.0005,100.0,641.22,1588.56,1401.65,553.33,47.248
1,30,-0.0006,-0.0004,100.0,642.51,1589.54,1403.86,553.38,47.401
1,31,-0.0012,0.0001,100.0,642.12,1588.09,1403.04,553.42,47.352
1,32,0.0037,-0.0003,100.0,641.66,1587.92,1402.44,552.72,47.062
1,33,-0.0,-0.0001,100.0,642.73,1587.7,1404.44,553.24,47.139
1,34,-0.0021,0.0002,100.0,642.11,1589.81,1402.89,553.09,47.379
1,35,0.0016,0.0,100.0,642.62,1589.42,1403.96,552.97,47.156
1,36,-0.0024,-0.0002,100.0,642.16,1589.09,1403.08,553.17,47.254
1,37,0.0004,-0.0001,100.0,643.08,1589.42,1404.43,553.77,47.355
1,38,-0.0039,0.0001,100.0,642.98,1588.64,1404.4,553.4,47.181
1,39,-0.0027,-0.0001,100.0,642.11,1591.04,1403.49,553.02,47.317
1,40,0.0004,0.0,100.0,642.69,1589.67,1404.0,553.34,47.152
1,41,0.0015,0.0,100.0,642.57,1589.77,1404.75,553.57,47.248
1,42,0.0003,-0.0001,100.0,642.93,1590.29,1404.22,553.4,47.366
1,43,-0.0002,0.0004,100.0,641.91,1590.25,1403.2,553.12,47.145
1,44,-0.0006,0.0001,100.0,642.68,1590.19,1404.19,552.89,47.397
1,45,-0.003,-0.0004,100.0,642.88,1589.62,1405.46,553.27,47.349
1,46,-0.0014,0.0,100.0,641.65,1590.59,1403.16,553.16,47.426
1,47,-0.0009,-0.0001,100.0,641.94,1591.69,1404.04,553.29,47.394
1,48,0.0021,0.0002,100.0,641.58,1591.44,1402.32,553.19,47.539
1,49,0.0007,-0.0002,100.0,642.41,1591.74,1404.4,553.29,47.398
1,50,-0.0035,-0.0,100.0,642.89,1590.36,1405.43,552.8,47.339
1,51,0.0006,0.0001,100.0,643.27,1590.13,1405.61,553.33,47.413
1,52,-0.0008,0.0002,100.0,642.66,1590.87,1405.29,552.98,47.471
1,53,-0.0014,-0.0002,100.0,643.39,1591.11,1405.57,553.52,47.42
1,54,0.0012,-0.0001,100.0,642.07,1591.99,1404.73,552.67,47.427
1,55,0.0021,-0.0001,100.0,641.95,1590.04,1405.06,553.37,47.345
1,56,0.0019,-0.0001,100.0,642.73,1592.56,1404.87,552.89,47.358
1,57,-0.0017,0.0004,100.0,642.95,1591.41,1405.18,552.62,47.277
1,58,-0.0006,0.0001,100.0,642.8,1591.32,1405.97,552.65,47.663
1,59,0.0007,-0.0003,100.0,641.91,1590.98,1404.83,552.67,47.312
1,60,0.002,0.0002,100.0,642.83,1590.59,1405.11,552.88,47.386
1,61,-0.001,0.0004,100.0,642.32,1592.63,1404.5,552.89,47.39
1,62,-0.0004,0.0002,100.0,643.24,1592.16,1405.9,552.54,47.592
1,63,-0.0022,-0.0003,100.0,643.13,1591.19,1405.26,552.68,47.457
1,64,-0.0024,-0.0001,100.0,642.58,1591.3,1404.75,553.31,47.65
1,65,0.0016,0.0003,100.0,642.8,1592.18,1405.06,553.16,47.427
1,66,0.0027,-0.0001,100.0,642.59,1593.92,1404.94,552.76,47.549
1,67,-0.0001,0.0001,100.0,643.07,1592.46,1406.02,552.62,47.423
1,68,0.002,0.0002,100.0,643.55,1591.55,1406.87,552.62,47.789
1,69,0.0007,-0.0002,100.0,642.71,1592.7,1406.4,552.75,47.397
1,70,-0.0013,-0.0,100.0,643.41,1592.79,1406.16,552.23,47.584
1,71,0.0007,-0.0006,100.0,642.98,1590.86,1406.59,552.44,47.631
1,72,0.0031,-0.0002,100.0,642.89,1593.2,1405.91,552.0,47.612
1,73,-0.0001,-0.0001,100.0,643.23,1593.17,1406.52,552.6,47.548
1,74,0.0031,-0.0002,100.0,642.85,1594.08,1406.4,552.65,47.563
1,75,-0.0052,0.0003,100.0,643.09,1595.2,1405.88,552.29,47.591
1,76,0.0016,-0.0003,100.0,642.84,1594.69,1406.33,552.89,47.576
1,77,0.0002,-0.0001,100.0,644.29,1593.59,1408.3,552.03,47.717
1,78,-0.0006,0.0,100.0,643.45,1592.96,1407.33,551.94,47.875
1,79,0.0002,0.0003,100.0,643.15,1596.35,1406.86,552.42,47.55
1,80,-0.004,-0.0003,100.0,643.6,1594.22,1408.62,552.65,47.461
1,81,-0.0004,0.0002,100.0,643.48,1594.29,1406.95,552.82,47.622
1,82,0.0007,0.0,100.0,643.46,1594.37,1407.02,552.15,47.95
1,83,0.003,-0.0002,100.0,643.87,1594.69,1407.6,552.59,47.552
1,84,-0.001,0.0001,100.0,643.97,1594.49,1407.82,552.24,47.853
1,85,-0.0016,0.0,100.0,643.42,1594.21,1407.05,552.18,47.865
1,86,-0.001,-0.0001,100.0,643.43,1594.34,1408.03,552.47,47.605
1,87,0.0018,0.0,100.0,643.59,1594.94,1408.41,552.38,47.748
1,88,0.0007,-0.0001,100.0,642.71,1594.57,1406.23,551.69,47.883
1,89,-0.0011,0.0,100.0,643.1,1594.52,1406.7,552.59,47.65
1,90,0.001,0.0001,100.0,644.43,1595.41,1409.26,552.54,47.679
1,91,0.0002,0.0003,100.0,644.58,1595.18,1409.0,551.92,47.641
1,92,0.0019,-0.0002,100.0,643.76,1597.01,1408.49,552.2,47.597
1,93,-0.0014,0.0004,100.0,644.17,1593.05,1408.9,552.21,47.649
1,94,-0.0007,-0.0004,100.0,644.08,1596.85,1407.96,552.12,47.588
1,95,-0.0008,-0.0,100.0,645.35,1597.12,1411.32,551.86,47.746
1,96,-0.0029,0.0001,100.0,644.5,1593.93,1410.3,551.8,47.658
1,97,0.0006,0.0001,100.0,643.97,1595.77,1408.4,551.97,47.786
1,98,0.0005,-0.0001,100.0,643.63,1595.85,1408.08,552.31,47.579
1,99,0.0,-0.0,100.0,643.37,1594.91,1408.1,552.1,47.813
1,100,-0.0005,-0.0001,100.0,644.22,1595.66,1409.36,551.81,47.881
1,101,-0.0028,-0.0001,100.0,643.82,1595.43,1409.01,552.13,47.55
1,102,-0.0008,0.0002,100.0,643.55,1598.51,1409.36,551.02,47.842
1,103,-0.0007,0.0001,100.0,643.93,1597.78,1408.84,552.2,47.952
1,104,-0.0016,-0.0001,100.0,643.76,1598.25,1408.34,551.31,47.667
1,105,-0.0003,0.0002,100.0,645.04,1597.79,1409.89,551.7,48.021
1,106,0.0008,0.0001,100.0,644.71,1595.95,1409.8,551.46,47.878
1,107,0.0038,0.0002,100.0,644.34,1596.7,1409.68,551.38,47.751
1,108,0.0003,0.0001,100.0,645.04,1597.9,1411.62,552.1,47.837
1,109,0.0005,-0.0002,100.0,644.44,1596.17,1409.67,551.59,47.919
1,110,-0.0001,-0.0001,100.0,644.05,1598.38,1409.54,551.81,47.868
1,111,-0.0038,0.0001,100.0,645.15,1597.46,1411.0,551.67,47.932
1,112,-0.0001,0.0001,100.0,644.74,1597.42,1411.08,551.81,47.765
1,113,0.0001,-0.0,100.0,644.06,1598.73,1410.84,551.67,47.903
1,114,0.0049,0.0,100.0,644.48,1598.56,1409.95,551.24,47.721
1,115,-0.0004,0.0003,100.0,644.2,1597.77,1409.63,551.9,47.885
1,116,0.0006,-0.0001,100.0,644.0,1599.6,1410.16,551.44,47.798
1,117,-0.0001,0.0001,100.0,645.07,1597.18,1411.52,551.1,47.826
1,118,-0.0023,-0.0,100.0,645.55,1599.22,1412.82,551.41,48.07
1,119,0.0023,-0.0,100.0,644.09,1599.31,1410.2,551.97,48.061
1,120,0.0015,0.0002,100.0,645.0,1598.39,1411.05,551.76,48.011
1,121,0.0016,0.0002,100.0,644.49,1599.24,1410.85,551.37,47.814
1,122,-0.0018,0.0002,100.0,644.59,1597.52,1411.3,551.35,47.915
1,123,0.0028,0.0003,100.0,644.58,1600.17,1411.19,551.34,48.107
1,124,-0.0028,0.0,100.0,644.49,1598.99,1410.95,552.04,47.986
1,125,0.0012,0.0001,100.0,644.93,1598.71,1411.89,551.51,48.255
1,126,0.0044,-0.0001,100.0,644.56,1600.68,1411.47,551.5,48.032
1,127,-0.002,0.0001,100.0,645.09,1598.71,1412.37,551.66,48.015
1,128,-0.0011,-0.0,100.0,644.98,1597.98,1411.9,551.4,47.963
1,129,0.0002,0.0,100.0,644.92,1597.9,1411.45,551.23,48.024
1,130,-0.001,0.0001,100.0,644.65,1600.63,1411.28,551.23,47.997
1,131,-0.0031,-0.0002,100.0,644.83,1598.45,1412.11,551.25,48.108
1,132,0.0001,0.0004,100.0,645.46,1602.27,1412.02,551.24,48.146
1,133,-0.0021,-0.0002,100.0,645.38,1597.68,1412.55,551.45,47.945
1,134,0.0009,-0.0002,100.0,644.75,1602.45,1411.33,551.22,47.887
1,135,-0.0018,0.0002,100.0,645.26,1600.73,1412.31,551.41,47.834
1,136,0.0031,0.0002,100.0,645.59,1600.46,1413.44,551.14,48.123
1,137,-0.0016,0.0001,100.0,644.53,1600.01,1411.46,551.17,47.938
1,138,-0.0006,0.0001,100.0,645.56,1601.32,1412.88,550.53,47.82
1,139,0.0016,-0.0,100.0,645.05,1600.88,1411.51,551.38,48.133
1,140,-0.0025,-0.0002,100.0,645.63,1602.45,1413.42,551.19,48.393
1,141,0.0005,0.0,100.0,645.06,1601.3,1412.62,551.36,48.101
1,142,0.0026,-0.0001,100.0,644.63,1601.46,1412.82,550.17,48.21
1,143,-0.0032,0.0002,100.0,644.74,1600.91,1411.79,551.65,48.127
1,144,0.0004,-0.0,100.0,645.52,1601.43,1413.19,550.96,48.113
1,145,0.0005,-0.0002,100.0,645.65,1602.02,1413.43,551.31,48.243
1,146,0.0016,-0.0001,100.0,645.16,1599.48,1413.46,550.65,48.106
1,147,-0.0025,0.0001,100.0,645.88,1600.07,1413.67,551.12,48.181
1,148,-0.0026,-0.0001,100.0,644.88,1602.94,1412.51,550.6,48.195
1,149,0.001,-0.0002,100.0,645.63,1602.3,1413.77,550.71,48.084
1,150,0.0006,0.0,100.0,645.14,1601.94,1412.92,551.45,48.291
1,151,0.0005,0.0,100.0,645.43,1602.33,1413.06,550.8,48.159
1,152,0.0007,-0.0001,100.0,645.77,1602.89,1413.9,550.9,48.097
1,153,-0.0014,-0.0001,100.0,645.39,1601.8,1413.85,551.07,48.26
1,154,0.0005,0.0,100.0,645.64,1601.59,1413.2,550.94,48.095
1,155,0.0006,-0.0003,100.0,646.3,1603.03,1414.75,550.82,48.214
1,156,-0.0014,-0.0003,100.0,645.62,1601.53,1413.43,550.86,48.218
1,157,0.0037,-0.0001,100.0,646.28,1603.55,1415.35,551.45,48.357
1,158,0.0009,-0.0,100.0,645.43,1600.74,1412.85,550.69,48.291
1,159,-0.0024,0.0001,100.0,646.21,1604.65,1414.47,550.75,48.239
1,160,0.0013,0.0003,100.0,646.65,1603.99,1415.6,550.98,48.348
1,161,-0.0019,0.0002,100.0,644.92,1603.81,1413.82,550.98,48.425
1,162,0.0016,-0.0,100.0,645.7,1604.95,1414.14,550.98,48.333
1,163,0.0023,-0.0,100.0,646.35,1606.04,1414.85,550.8,48.275
1,164,-0.0016,-0.0002,100.0,646.03,1605.24,1415.67,550.24,48.199
1,165,0.0019,-0.0,100.0,646.32,1601.27,1414.46,551.05,48.33
1,166,0.0008,-0.0001,100.0,645.92,1602.18,1413.57,550.2,48.523
1,167,0.0016,0.0001,100.0,646.26,1603.23,1415.41,550.61,48.588
1,168,0.0038,-0.0002,100.0,646.18,1604.29,1414.88,550.27,48.74
1,169,-0.0005,0.0001,100.0,646.81,1605.12,1415.55,550.46,48.871
1,170,-0.0015,0.0003,100.0,646.43,1603.42,1415.92,550.56,49.029
1,171,-0.0018,-0.0,100.0,646.5,1604.87,1415.84,550.53,49.059
1,172,-0.0016,0.0001,100.0,646.19,1603.59,1415.05,550.54,49.227
1,173,-0.0002,0.0001,100.0,646.19,1603.92,1414.74,550.88,49.278
1,174,0.0007,-0.0001,100.0,646.24,1602.85,1415.93,550.51,49.135
1,175,0.0006,0.0,100.0,646.65,1603.67,1416.44,550.28,49.361
1,176,0.0017,0.0,100.0,646.31,1603.14,1415.63,550.62,49.558
1,177,0.0,0.0,100.0,646.66,1603.81,1417.14,550.67,49.531
1,178,0.0029,-0.0002,100.0,647.5,1606.99,1416.91,549.92,49.85
1,179,-0.0005,0.0,100.0,646.99,1604.07,1416.01,550.45,50.063
1,180,0.0054,0.0001,100.0,646.48,1609.64,1415.76,550.46,50.128
1,181,0.0013,0.0003,100.0,647.2,1606.49,1417.14,550.14,50.057
1,182,-0.0017,0.0002,100.0,646.5,1606.14,1416.35,550.62,50.363
1,183,-0.0021,0.0004,100.0,645.8,1604.64,1415.18,550.14,50.304
1,184,0.001,-0.0002,100.0,646.3,1607.17,1416.22,550.2,50.347
1,185,-0.0004,0.0002,100.0,645.94,1605.3,1414.96,550.09,50.415
1,186,0.0014,0.0,100.0,646.65,1606.5,1417.35,550.13,50.554
1,187,0.0009,0.0004,100.0,646.85,1610.44,1416.91,549.78,50.646
1,188,-0.0001,-0.0002,100.0,647.63,1606.39,1418.65,549.65,50.814
1,189,-0.0017,-0.0002,100.0,647.05,1608.47,1417.5,550.54,50.915
1,190,-0.003,-0.0001,100.0,646.84,1605.65,1417.31,549.79,50.997
1,191,-0.0009,-0.0004,100.0,647.34,1606.83,1418.11,549.72,51.151
1,192,0.0017,-0.0001,100.0,646.0,1609.83,1416.22,549.35,51.343
2,1,0.0019,-0.0002,100.0,640.95,1585.27,1399.71,554.13,47.216
2,2,-0.003,-0.0001,100.0,640.83,1585.76,1400.55,554.23,47.013
2,3,-0.0051,0.0002,100.0,640.17,1585.38,1398.3,553.76,47.043
2,4,0.0019,-0.0001,100.0,641.42,1585.18,1401.12,553.58,47.104
2,5,-0.0027,-0.0001,100.0,640.62,1585.38,1399.49,553.62,46.874
2,6,-0.0004,-0.0002,100.0,641.23,1584.93,1400.37,553.77,47.236
2,7,-0.0023,0.0001,100.0,642.08,1585.8,1402.13,553.8,47.061
2,8,-0.0036,0.0004,100.0,640.75,1586.0,1400.07,553.66,47.238
2,9,0.0011,-0.0002,100.0,640.05,1585.49,1399.24,553.49,46.959
2,10,0.0015,0.0,100.0,641.08,1585.56,1400.91,553.72,47.27
2,11,-0.0012,0.0003,100.0,641.73,1585.96,1401.2,553.9,47.151
2,12,-0.0052,-0.0,100.0,642.13,1585.72,1401.65,554.01,47.129
2,13,-0.0011,0.0001,100.0,640.72,1585.97,1399.47,553.65,47.096
2,14,0.0008,-0.0002,100.0,641.52,1587.04,1400.75,553.68,47.043
2,15,-0.003,0.0001,100.0,641.1,1586.04,1402.08,553.51,47.222
2,16,0.0004,-0.0,100.0,641.29,1586.06,1401.53,553.77,47.1
2,17,-0.0,0.0002,100.0,642.55,1586.0,1402.03,553.51,46.853
2,18,0.0012,0.0002,100.0,640.7,1586.73,1399.48,553.92,46.96
2,19,0.0002,0.0005,100.0,641.51,1586.37,1401.55,553.2,47.077
2,20,-0.0019,0.0001,100.0,641.63,1586.22,1401.78,553.61,47.142
2,21,0.0024,0.0001,100.0,641.93,1587.25,1402.23,553.8,47.103
2,22,-0.0003,0.0,100.0,641.5,1587.38,1401.26,553.75,47.261
2,23,-0.0001,-0.0001,100.0,641.62,1586.47,1401.53,554.49,46.886
2,24,-0.0019,0.0001,100.0,641.33,1585.91,1401.38,553.77,47.143
2,25,-0.0009,-0.0001,100.0,641.64,1587.42,1401.72,553.35,46.913
2,26,-0.0018,0.0,100.0,641.39,1586.64,1400.25,553.61,47.227
2,27,-0.0003,0.0003,100.0,641.84,1587.48,1401.91,553.09,47.13
2,28,0.0034,-0.0002,100.0,641.42,1586.13,1401.04,553.59,47.197
2,29,-0.0027,0.0002,100.0,641.78,1587.69,1402.09,553.35,47.048
2,30,-0.0032,0.0003,100.0,641.61,1586.66,1403.29,553.86,47.31
2,31,0.0029,-0.0,100.0,642.15,1587.76,1402.77,553.4,47.287
2,32,-0.0004,-0.0004,100.0,641.65,1587.46,1401.76,553.52,47.237
2,33,-0.0013,-0.0001,100.0,640.89,1587.02,1401.34,553.35,47.157
2,34,0.0021,0.0003,100.0,642.28,1587.39,1403.1,554.05,47.247
2,35,-0.0012,-0.0,100.0,641.32,1588.06,1401.76,553.42,47.098
2,36,0.0037,-0.0002,100.0,641.46,1587.82,1402.08,554.05,47.291
2,37,0.0014,-0.0001,100.0,641.51,1588.16,1402.9,553.73,47.391
2,38,-0.001,0.0002,100.0,642.41,1589.02,1402.6,553.62,47.327
2,39,0.0043,0.0001,100.0,640.85,1587.11,1401.25,553.57,47.116
2,40,-0.0012,-0.0,100.0,643.25,1588.98,1403.94,553.56,47.252
2,41,0.0015,-0.0001,100.0,642.33,1588.2,1403.43,552.85,47.059
2,42,0.0006,-0.0001,100.0,641.98,1587.7,1402.23,553.33,47.288
2,43,0.0026,-0.0002,100.0,641.87,1587.52,1402.36,553.65,47.279
2,44,0.0031,0.0003,100.0,642.05,1588.26,1402.7,553.37,47.006
2,45,0.0001,-0.0001,100.0,642.18,1588.99,1403.55,552.95,47.096
2,46,-0.0015,0.0002,100.0,642.25,1588.45,1403.65,553.34,47.206
2,47,0.0009,0.0003,100.0,642.23,1589.5,1402.57,553.86,47.21
2,48,-0.0014,0.0002,100.0,642.04,1587.81,1402.99,553.71,47.106
2,49,0.004,-0.0001,100.0,641.94,1588.75,1402.5,553.3,47.303
2,50,0.0003,0.0001,100.0,641.98,1588.07,1402.31,553.59,47.292
2,51,-0.0007,-0.0,100.0,641.98,1589.13,1402.86,553.18,47.243
2,52,0.0004,-0.0002,100.0,642.6,1589.53,1403.72,552.76,47.181
2,53,-0.0027,0.0001,100.0,642.38,1588.8,1404.81,552.98,47.403
2,54,-0.0019,-0.0002,100.0,640.81,1587.51,1401.64,553.72,47.481
2,55,0.0024,0.0002,100.0,642.44,1589.34,1403.05,553.15,47.229
2,56,-0.0013,-0.0001,100.0,642.26,1589.57,1403.24,553.15,47.219
2,57,-0.0021,0.0,100.0,642.18,1589.63,1403.95,553.12,47.357
2,58,0.0011,0.0001,100.0,642.04,1590.24,1404.32,553.76,47.26
2,59,0.0024,-0.0001,100.0,642.74,1588.83,1403.49,553.67,47.292
2,60,0.0014,0.0001,100.0,642.68,1590.04,1403.29,553.83,47.402
2,61,0.002,-0.0001,100.0,641.93,1590.46,1404.15,553.1,47.09
2,62,-0.0015,0.0002,100.0,642.48,1588.58,1404.21,553.22,47.482
2,63,-0.0028,-0.0003,100.0,641.88,1590.04,1402.77,552.67,47.338
2,64,0.003,0.0,100.0,641.72,1589.57,1403.28,553.55,47.285
2,65,-0.0006,0.0004,100.0,642.08,1589.93,1402.23,552.74,47.329
2,66,-0.0005,-0.0002,100.0,642.77,1590.29,1404.55,553.15,47.34
2,67,0.0027,-0.0001,100.0,642.83,1589.8,1404.83,552.74,47.142
2,68,0.0011,0.0001,100.0,642.65,1589.75,1404.9,552.88,47.535
2,69,0.0009,0.0,100.0,642.77,1590.31,1404.13,552.79,47.366
2,70,0.0043,0.0001,100.0,642.7,1589.61,1404.62,552.84,47.419
2,71,-0.0013,0.0001,100.0,642.2,1589.69,1403.44,552.85,47.485
2,72,0.0019,0.0001,100.0,642.7,1591.0,1404.77,552.83,47.254
2,73,0.0001,0.0002,100.0,642.89,1589.79,1404.49,553.23,47.438
2,74,0.0005,0.0001,100.0,642.89,1591.15,1404.76,552.64,47.355
2,75,0.0031,-0.0,100.0,643.1,1591.08,1404.79,553.02,47.494
2,76,0.001,0.0001,100.0,642.91,1589.59,1405.38,553.31,47.142
2,77,0.0011,0.0004,100.0,642.77,1590.41,1405.32,552.77,47.391
2,78,0.0021,-0.0,100.0,643.11,1591.85,1405.28,552.7,47.335
2,79,-0.0007,-0.0002,100.0,642.64,1590.34,1404.79,552.83,47.465
2,80,-0.0017,0.0002,100.0,642.28,1590.79,1403.58,553.24,47.475
2,81,-0.0021,-0.0,100.0,642.62,1591.55,1404.66,552.93,47.338
2,82,-0.0039,-0.0004,100.0,642.38,1591.87,1404.48,552.7,47.343
2,83,0.0041,0.0002,100.0,642.43,1591.17,1405.92,552.99,47.421
2,84,-0.0022,-0.0001,100.0,642.69,1590.99,1404.44,552.5,47.331
2,85,-0.0004,-0.0,100.0,642.42,1592.59,1405.39,553.02,47.545
2,86,-0.0006,0.0001,100.0,642.66,1592.91,1405.52,552.92,47.405
2,87,0.0006,0.0,100.0,641.97,1592.42,1404.23,552.7,47.106
2,88,0.0016,0.0001,100.0,642.94,1591.81,1406.35,552.52,47.415
2,89,0.0017,-0.0001,100.0,642.86,1591.2,1405.58,552.49,47.341
2,90,-0.0012,0.0001,100.0,642.51,1591.25,1405.13,552.91,47.275
2,91,-0.0003,-0.0001,100.0,643.2,1592.38,1405.91,553.1,47.327
2,92,0.0006,0.0001,100.0,643.35,1592.38,1406.79,552.53,47.494
2,93,-0.0005,0.0001,100.0,642.22,1593.23,1405.17,552.84,47.645
2,94,0.0032,-0.0002,100.0,642.62,1592.72,1404.9,552.06,47.529
2,95,0.001,0.0002,100.0,642.64,1591.08,1404.62,552.5,47.424
2,96,0.0015,-0.0001,100.0,642.58,1593.2,1405.12,552.65,47.556
2,97,0.0013,0.0002,100.0,643.4,1591.63,1406.0,552.38,47.452
2,98,0.0023,0.0001,100.0,642.96,1592.2,1405.79,552.35,47.429
2,99,0.0004,0.0004,100.0,642.95,1592.79,1406.45,552.42,47.379
2,100,-0.0026,-0.0,100.0,642.19,1594.3,1404.57,552.69,47.312
2,101,0.0008,-0.0001,100.0,643.4,1595.3,1406.51,552.54,47.481
2,102,-0.0013,-0.0,100.0,642.57,1593.32,1405.43,551.91,47.552
2,103,-0.0011,-0.0001,100.0,643.18,1592.74,1406.71,551.93,47.527
2,104,0.0012,0.0002,100.0,643.3,1593.42,1405.36,552.37,47.494
2,105,0.0025,-0.0003,100.0,643.81,1593.79,1406.92,552.67,47.435
2,106,0.0,-0.0002,100.0,642.63,1592.86,1405.71,551.7,47.627
2,107,0.0006,-0.0002,100.0,641.88,1594.72,1405.19,552.36,47.401
2,108,0.0034,0.0002,100.0,643.34,1593.47,1406.42,552.34,47.658
2,109,0.0005,0.0003,100.0,644.09,1593.78,1406.81,552.9,47.449
2,110,0.0052,-0.0,100.0,643.86,1594.0,1407.76,552.35,47.485
2,111,0.0011,-0.0,100.0,643.41,1593.87,1406.54,552.57,47.404
2,112,-0.0035,0.0,100.0,643.12,1594.31,1405.89,552.48,47.525
2,113,0.0015,0.0002,100.0,643.73,1593.12,1407.05,551.79,47.708
2,114,0.0008,-0.0002,100.0,642.95,1593.25,1406.21,552.64,47.658
2,115,0.0026,0.0,100.0,643.62,1592.85,1406.97,552.46,47.718
2,116,0.0013,0.0002,100.0,643.65,1594.28,1406.24,552.54,47.669
2,117,-0.0003,0.0001,100.0,643.92,1594.66,1408.21,553.55,47.479
2,118,-0.0024,0.0,100.0,644.71,1594.45,1409.53,551.73,47.577
2,119,-0.0004,0.0002,100.0,643.66,1595.62,1407.78,552.86,47.528
2,120,-0.0017,-0.0005,100.0,643.28,1594.19,1406.39,552.24,47.787
2,121,-0.0012,0.0001,100.0,643.52,1594.88,1407.22,552.4,47.489
2,122,0.0012,-0.0001,100.0,642.75,1593.36,1406.27,552.29,47.745
2,123,0.0033,-0.0004,100.0,643.26,1594.07,1407.32,552.16,47.75
2,124,0.0008,0.0001,100.0,643.41,1595.14,1407.6,552.1,47.868
2,125,-0.0024,0.0003,100.0,643.38,1595.37,1406.88,552.36,47.604
2,126,0.0009,-0.0,100.0,643.7,1594.39,1407.77,551.79,47.744
2,127,0.0024,0.0002,100.0,643.28,1594.67,1407.4,552.46,47.938
2,128,-0.0012,0.0003,100.0,644.18,1593.39,1409.19,552.09,47.595
2,129,-0.0003,0.0003,100.0,643.7,1594.55,1408.18,551.86,47.49
2,130,0.0,0.0003,100.0,643.71,1595.81,1408.27,552.05,47.454
2,131,-0.0016,0.0001,100.0,643.59,1595.59,1407.78,552.55,47.77
2,132,0.0013,0.0,100.0,643.83,1595.6,1408.81,552.0,47.464
2,133,-0.0002,-0.0003,100.0,644.15,1595.24,1408.79,552.25,47.65
2,134,0.0008,-0.0,100.0,643.41,1595.28,1407.15,551.91,47.753
2,135,-0.0018,-0.0002,100.0,643.53,1594.71,1408.48,552.35,47.728
2,136,-0.0009,0.0004,100.0,643.71,1596.1,1408.41,552.31,47.762
2,137,0.0014,-0.0,100.0,643.26,1595.91,1407.24,552.65,47.743
2,138,-0.0007,0.0,100.0,643.52,1596.06,1407.62,552.02,47.875
2,139,0.0035,0.0001,100.0,643.69,1595.14,1408.27,552.26,47.612
2,140,-0.0008,0.0,100.0,644.32,1593.61,1409.27,552.08,47.65
2,141,0.0004,0.0003,100.0,644.07,1596.89,1408.82,552.42,47.644
2,142,0.0019,-0.0001,100.0,644.06,1595.41,1408.89,551.81,47.842
2,143,-0.0028,0.0,100.0,644.37,1595.1,1410.05,552.23,47.855
2,144,-0.0035,-0.0001,100.0,643.95,1596.73,1409.18,551.93,47.807
2,145,-0.0031,-0.0003,100.0,644.21,1595.72,1409.14,551.96,47.9
2,146,0.0025,-0.0001,100.0,644.01,1597.26,1409.26,551.99,47.622
2,147,-0.0011,-0.0,100.0,644.19,1596.89,1408.56,552.03,47.968
2,148,0.0051,-0.0001,100.0,643.83,1597.04,1408.8,551.9,47.956
2,149,-0.0011,-0.0001,100.0,643.02,1595.02,1408.41,551.99,47.867
2,150,0.0004,-0.0003,100.0,644.08,1597.74,1408.91,552.38,47.998
2,151,0.0031,-0.0,100.0,644.8,1596.84,1409.63,552.19,47.59
2,152,0.004,-0.0003,100.0,644.59,1596.27,1409.47,552.14,47.731
2,153,0.0041,0.0002,100.0,644.63,1596.88,1409.34,551.73,47.711
2,154,0.0024,0.0,100.0,644.78,1594.95,1409.73,551.59,47.891
2,155,0.002,-0.0003,100.0,644.28,1597.31,1409.27,552.13,47.684
2,156,0.0012,-0.0001,100.0,644.35,1595.88,1408.88,552.09,47.906
2,157,0.0016,-0.0002,100.0,644.0,1595.61,1409.13,552.25,47.985
2,158,-0.0011,0.0001,100.0,644.16,1595.5,1409.83,551.62,47.909
2,159,-0.0016,0.0003,100.0,644.6,1598.37,1409.57,551.72,47.865
2,160,-0.0,-0.0004,100.0,644.89,1596.59,1411.22,551.28,47.718
2,161,-0.0003,0.0,100.0,644.3,1598.99,1409.92,551.64,47.74
2,162,-0.0009,-0.0,100.0,644.18,1596.84,1410.05,552.04,47.997
2,163,0.0014,0.0001,100.0,644.41,1595.65,1409.56,551.59,47.945
2,164,0.0019,0.0,100.0,644.7,1596.36,1410.75,551.91,47.852
2,165,0.0002,-0.0002,100.0,643.8,1598.99,1408.55,551.64,47.812
2,166,0.003,-0.0001,100.0,643.44,1597.55,1409.07,551.78,47.624
2,167,-0.0023,-0.0002,100.0,644.24,1597.2,1409.86,551.33,47.744
2,168,-0.0004,0.0002,100.0,643.96,1598.05,1409.69,551.68,48.107
2,169,-0.0014,0.0,100.0,644.3,1598.51,1409.33,550.75,47.73
2,170,-0.0037,0.0004,100.0,644.49,1599.27,1409.77,551.57,47.911
2,171,-0.0002,-0.0,100.0,644.37,1599.72,1410.38,551.13,48.015
2,172,-0.0002,-0.0001,100.0,645.25,1597.78,1410.87,551.96,47.748
2,173,0.003,-0.0003,100.0,644.76,1596.77,1410.92,551.82,47.926
2,174,0.0013,-0.0004,100.0,644.77,1597.87,1410.05,551.71,48.022
2,175,-0.002,-0.0003,100.0,644.94,1598.71,1411.43,552.02,47.916
2,176,0.0037,0.0001,100.0,644.17,1597.4,1409.34,551.26,48.264
2,177,0.0024,0.0001,100.0,645.17,1597.48,1411.66,552.06,47.725
2,178,0.0012,-0.0003,100.0,644.69,1599.04,1411.06,551.8,48.057
2,179,-0.0005,0.0002,100.0,645.04,1598.67,1410.92,551.43,47.915
2,180,-0.0019,-0.0001,100.0,644.28,1598.84,1410.53,551.83,48.033
2,181,-0.0007,0.0,100.0,644.08,1598.0,1410.12,551.15,47.999
2,182,0.0022,0.0003,100.0,645.17,1598.68,1411.28,551.22,47.863
2,183,0.0038,0.0002,100.0,645.0,1597.95,1410.83,551.27,47.984
2,184,0.0031,-0.0001,100.0,644.44,1600.15,1409.6,551.28,47.739
2,185,-0.001,-0.0002,100.0,644.48,1600.4,1410.85,551.1,48.039
2,186,-0.0022,-0.0004,100.0,645.39,1597.08,1411.2,551.77,48.008
2,187,0.0003,-0.0001,100.0,644.37,1598.24,1410.63,551.32,48.054
2,188,-0.0035,-0.0,100.0,645.67,1597.64,1412.3,551.49,48.11
2,189,0.0006,-0.0002,100.0,644.55,1598.71,1411.24,551.19,48.032
2,190,-0.0003,-0.0,100.0,645.26,1599.46,1411.77,550.81,48.011
2,191,-0.0009,0.0,100.0,644.85,1597.9,1411.21,551.42,47.893
2,192,-0.0032,-0.0,100.0,645.29,1598.61,1412.39,550.75,47.918
2,193,0.001,-0.0001,100.0,644.79,1598.58,1411.53,551.29,48.151
2,194,-0.0011,0.0,100.0,644.98,1600.12,1411.81,550.89,48.186
2,195,-0.0023,0.0001,100.0,645.1,1600.03,1412.09,551.88,47.991
2,196,-0.0057,-0.0002,100.0,644.65,1599.14,1410.49,551.54,48.03
2,197,-0.0001,0.0003,100.0,645.45,1600.32,1412.79,551.29,47.921
2,198,0.0035,-0.0,100.0,644.91,1599.51,1411.99,551.62,48.176
2,199,0.0033,0.0,100.0,645.06,1599.92,1411.42,550.97,48.12
2,200,-0.0009,0.0001,100.0,644.73,1602.4,1411.37,551.38,48.278
2,201,-0.0012,0.0,100.0,644.05,1602.07,1410.55,551.26,47.945
2,202,0.0009,0.0002,100.0,645.14,1598.87,1412.06,551.26,48.01
2,203,-0.002,0.0001,100.0,646.33,1601.6,1413.99,551.55,48.089
2,204,0.0006,-0.0001,100.0,645.62,1601.65,1413.58,551.38,48.144
2,205,0.0015,0.0001,100.0,645.28,1599.27,1412.96,551.23,48.046
2,206,0.0025,-0.0002,100.0,645.19,1601.82,1411.67,550.63,47.972
2,207,-0.0002,0.0,100.0,645.34,1602.81,1412.88,550.83,48.188
2,208,-0.0004,-0.0,100.0,645.59,1599.52,1413.61,551.06,48.174
2,209,-0.0018,-0.0,100.0,644.84,1599.85,1412.12,551.12,47.982
2,210,-0.0017,-0.0,100.0,645.89,1602.4,1413.98,550.73,48.26
2,211,-0.0005,-0.0004,100.0,645.73,1601.52,1414.24,551.78,48.243
2,212,0.0007,-0.0001,100.0,645.76,1601.96,1413.82,551.5,48.124
2,213,0.0018,0.0,100.0,645.65,1601.77,1413.31,551.21,48.123
2,214,-0.0016,0.0,100.0,645.48,1601.91,1413.51,551.04,48.185
2,215,0.003,-0.0002,100.0,645.8,1599.76,1413.53,550.94,48.02
2,216,-0.0005,0.0003,100.0,645.78,1602.92,1413.48,550.7,48.133
2,217,-0.0,-0.0002,100.0,645.38,1603.16,1412.76,551.0,47.876
2,218,-0.0015,0.0002,100.0,645.3,1601.41,1413.64,551.04,48.245
2,219,-0.0048,0.0001,100.0,645.62,1601.73,1412.93,550.58,47.957
2,220,0.0018,-0.0001,100.0,646.3,1599.84,1415.09,551.03,48.33
2,221,0.0015,0.0004,100.0,645.06,1602.62,1412.86,550.87,48.115
2,222,-0.0006,-0.0002,100.0,644.98,1602.78,1411.83,550.33,48.135
2,223,0.0001,0.0002,100.0,645.74,1602.01,1413.81,550.63,48.09
2,224,0.001,0.0002,100.0,645.71,1603.67,1412.57,550.75,48.136
2,225,-0.0031,-0.0001,100.0,645.78,1601.8,1414.06,551.43,48.346
2,226,-0.0011,0.0003,100.0,645.83,1603.08,1414.29,551.02,47.883
2,227,0.0016,-0.0001,100.0,645.65,1601.03,1413.33,550.44,48.34
2,228,-0.0025,0.0001,100.0,646.44,1602.45,1414.83,550.97,48.232
2,229,0.0006,0.0001,100.0,645.07,1602.32,1413.86,550.34,48.052
2,230,-0.0027,-0.0,100.0,645.44,1602.94,1413.18,551.12,48.073
2,231,0.0009,0.0002,100.0,645.78,1602.2,1413.41,550.64,48.408
2,232,-0.0001,0.0002,100.0,645.11,1602.6,1413.77,550.74,48.099
2,233,-0.0032,-0.0003,100.0,645.79,1604.0,1414.99,551.15,48.079
2,234,0.0023,0.0003,100.0,646.64,1602.34,1415.24,550.35,48.359
2,235,-0.0015,-0.0003,100.0,645.92,1600.79,1414.76,550.31,48.269
2,236,-0.0016,0.0002,100.0,646.04,1605.52,1415.13,550.54,48.121
2,237,0.0004,0.0002,100.0,645.39,1605.09,1413.21,551.01,48.265
2,238,0.0023,-0.0002,100.0,645.7,1601.44,1413.8,550.23,48.121
2,239,-0.002,-0.0001,100.0,645.83,1604.29,1414.87,549.82,48.381
2,240,0.0001,-0.0002,100.0,645.87,1602.69,1415.19,550.52,48.382
2,241,0.0009,-0.0,100.0,646.62,1603.84,1415.71,550.81,48.323
2,242,0.0014,-0.0001,100.0,646.31,1603.97,1414.58,550.99,48.308
2,243,0.0004,0.0002,100.0,645.58,1603.3,1415.03,550.47,48.481
2,244,-0.0007,0.0003,100.0,646.21,1602.59,1414.68,550.48,48.278
2,245,-0.0017,0.0003,100.0,646.35,1602.8,1415.01,550.93,48.205
2,246,0.0002,-0.0001,100.0,646.66,1602.55,1415.81,550.01,48.468
2,247,-0.0021,-0.0,100.0,646.88,1602.74,1416.75,550.44,48.733
2,248,-0.0058,-0.0003,100.0,645.73,1603.91,1414.83,550.6,48.428
2,249,0.0009,-0.0002,100.0,645.84,1603.06,1414.79,550.66,48.575
2,250,0.0018,0.0002,100.0,645.66,1605.15,1414.6,550.36,48.736
2,251,-0.0047,0.0003,100.0,646.14,1606.4,1415.09,550.51,48.748
2,252,-0.002,-0.0002,100.0,646.48,1603.47,1415.85,549.74,48.704
2,253,0.0012,-0.0001,100.0,646.73,1604.74,1414.69,550.28,49.025
2,254,0.0041,-0.0,100.0,646.28,1605.2,1415.21,550.6,49.236
2,255,0.0,0.0001,100.0,646.19,1605.24,1415.38,550.15,49.049
2,256,-0.0015,-0.0002,100.0,646.42,1604.74,1415.04,550.45,48.985
2,257,-0.0004,0.0001,100.0,646.0,1605.8,1415.25,550.55,48.976
2,258,0.0027,-0.0001,100.0,647.33,1605.49,1416.85,550.3,49.261
2,259,-0.0013,-0.0,100.0,645.69,1603.02,1415.57,550.44,49.43
2,260,-0.0016,0.0001,100.0,646.52,1606.22,1416.67,550.09,49.423
2,261,-0.001,0.0,100.0,647.37,1606.33,1416.87,550.3,49.433
2,262,-0.0019,-0.0001,100.0,646.48,1603.94,1415.81,550.53,49.431
2,263,0.0002,-0.0,100.0,646.41,1605.22,1415.78,550.38,49.438
2,264,0.0032,-0.0,100.0,646.36,1606.26,1415.56,550.14,49.737
2,265,0.0006,-0.0001,100.0,646.46,1605.0,1416.05,550.37,49.815
2,266,-0.0005,-0.0001,100.0,647.18,1607.01,1416.61,550.51,49.588
2,267,-0.0006,0.0003,100.0,645.59,1609.05,1414.23,549.66,50.032
2,268,-0.0031,0.0001,100.0,647.29,1604.35,1417.52,550.61,49.978
2,269,0.0018,-0.0001,100.0,645.98,1603.51,1415.72,550.15,50.145
2,270,-0.0002,0.0001,100.0,646.52,1606.16,1415.79,550.36,49.884
2,271,-0.0004,-0.0001,100.0,646.47,1606.88,1416.6,550.58,49.949
2,272,0.0064,0.0002,100.0,646.95,1605.5,1416.54,549.8,50.163
2,273,0.0006,0.0001,100.0,645.99,1608.17,1415.67,549.98,50.309
2,274,-0.0015,-0.0,100.0,646.94,1603.93,1417.32,550.09,50.532
2,275,-0.0009,0.0001,100.0,647.66,1607.15,1417.93,549.93,50.469
2,276,0.0023,-0.0003,100.0,646.16,1605.22,1416.11,550.67,50.423
2,277,0.0002,-0.0002,100.0,646.88,1608.91,1416.66,549.88,50.397
2,278,-0.0029,-0.0002,100.0,646.51,1609.42,1416.33,549.96,50.736
2,279,0.0018,0.0,100.0,647.02,1605.19,1417.07,550.17,50.541
2,280,-0.0013,0.0003,100.0,646.86,1605.6,1416.61,549.74,50.92
2,281,0.0037,0.0004,100.0,646.59,1607.89,1416.55,549.96,50.758
2,282,0.0022,0.0001,100.0,647.12,1606.01,1416.64,550.16,51.051
2,283,-0.0009,0.0001,100.0,647.73,1606.62,1418.05,549.96,51.01
2,284,0.0026,-0.0004,100.0,646.85,1606.81,1416.95,550.01,50.98
2,285,0.0001,-0.0001,100.0,647.28,1603.79,1417.6,549.87,51.002
2,286,0.0017,-0.0002,100.0,646.4,1606.9,1416.41,549.56,51.091
2,287,0.001,-0.0001,100.0,646.57,1605.9,1416.77,550.1,51.251
3,1,0.0002,-0.0,100.0,640.44,1585.4,1399.79,554.13,46.907
3,2,-0.0012,-0.0002,100.0,641.19,1585.49,1400.65,553.94,47.029
3,3,-0.0003,0.0004,100.0,640.14,1585.03,1398.59,554.26,46.967
3,4,0.0002,0.0003,100.0,641.59,1584.68,1400.26,553.97,46.82
3,5,-0.0043,0.0001,100.0,641.1,1585.44,1400.32,553.95,46.774
3,6,0.0009,-0.0002,100.0,642.66,1586.18,1402.4,553.54,47.077
3,7,-0.002,-0.0,100.0,642.27,1586.48,1402.19,553.91,46.991
3,8,-0.0023,-0.0,100.0,641.19,1586.31,1400.49,554.13,47.001
3,9,-0.0034,0.0001,100.0,641.25,1586.3,1399.8,553.55,47.159
3,10,-0.0036,0.0003,100.0,641.78,1586.41,1401.4,554.2,47.225
3,11,-0.0027,0.0002,100.0,642.14,1586.09,1402.0,553.73,47.059
3,12,-0.0014,-0.0002,100.0,640.67,1586.41,1400.46,553.47,47.06
3,13,0.0039,0.0003,100.0,640.63,1587.41,1399.79,554.01,47.169
3,14,-0.0011,0.0001,100.0,641.19,1586.26,1401.81,553.6,46.954
3,15,0.0004,0.0001,100.0,641.77,1587.65,1400.88,553.89,47.152
3,16,0.0008,0.0003,100.0,641.76,1586.8,1402.52,553.55,47.2
3,17,0.0003,-0.0002,100.0,642.05,1587.77,1402.21,553.6,47.224
3,18,-0.0002,-0.0,100.0,641.06,1586.48,1401.42,553.75,46.918
3,19,-0.0024,-0.0001,100.0,640.59,1587.64,1400.42,553.66,47.068
3,20,0.0029,-0.0003,100.0,642.06,1587.06,1403.06,552.95,47.062
3,21,0.0036,0.0001,100.0,641.33,1586.82,1401.32,553.19,47.188
3,22,-0.0034,0.0005,100.0,640.83,1587.82,1400.32,553.79,47.242
3,23,-0.002,-0.0004,100.0,641.84,1588.39,1403.04,553.45,47.372
3,24,-0.0006,-0.0,100.0,642.16,1587.48,1402.77,553.31,47.142
3,25,-0.0019,0.0001,100.0,641.78,1587.22,1402.46,553.03,47.15
3,26,0.001,0.0,100.0,641.67,1588.14,1402.86,553.1,47.356
3,27,-0.0015,-0.0,100.0,641.83,1588.27,1402.0,552.79,47.262
3,28,0.0043,-0.0003,100.0,641.77,1588.76,1402.78,553.34,47.387
3,29,0.0024,0.0,100.0,641.37,1589.13,1401.68,553.17,47.278
3,30,0.0004,-0.0002,100.0,641.68,1588.65,1402.39,553.04,47.113
3,31,0.0021,-0.0004,100.0,642.27,1589.94,1403.37,553.29,47.1
3,32,0.0022,0.0002,100.0,642.22,1589.07,1402.57,553.39,47.082
3,33,-0.0011,0.0002,100.0,642.18,1588.84,1402.92,553.89,47.356
3,34,-0.0016,0.0,100.0,641.69,1588.17,1403.35,552.79,47.428
3,35,0.0002,0.0,100.0,642.09,1589.13,1403.73,553.57,47.515
3,36,0.0017,0.0002,100.0,641.23,1589.21,1402.1,553.49,47.403
3,37,0.0003,0.0,100.0,642.32,1590.17,1403.83,552.94,47.45
3,38,-0.0032,0.0002,100.0,642.92,1589.97,1404.45,553.21,47.249
3,39,-0.0016,-0.0001,100.0,641.64,1589.01,1403.54,552.99,47.188
3,40,-0.0001,0.0003,100.0,642.08,1590.03,1403.42,553.16,47.437
3,41,-0.0002,0.0001,100.0,642.52,1590.49,1404.31,553.54,47.394
3,42,0.0039,0.0,100.0,642.97,1591.2,1405.44,553.24,47.365
3,43,-0.0028,-0.0003,100.0,642.24,1590.9,1403.51,553.19,47.407
3,44,0.001,0.0001,100.0,642.16,1590.94,1404.62,552.89,47.407
3,45,0.003,-0.0002,100.0,641.62,1590.57,1402.37,552.55,47.531
3,46,0.0045,-0.0001,100.0,642.59,1590.93,1405.35,552.91,47.541
3,47,-0.0008,-0.0002,100.0,643.49,1591.67,1405.66,553.31,47.459
3,48,0.001,-0.0002,100.0,642.73,1589.94,1404.71,552.47,47.504
3,49,0.0011,0.0004,100.0,642.63,1590.77,1403.8,552.59,47.472
3,50,0.0004,0.0003,100.0,642.82,1590.58,1404.83,552.92,47.364
3,51,-0.0002,0.0004,100.0,642.7,1591.55,1404.42,552.56,47.518
3,52,0.0009,-0.0002,100.0,642.38,1592.31,1404.24,552.6,47.268
3,53,-0.0051,0.0,100.0,643.15,1591.06,1405.61,552.69,47.571
3,54,0.0014,-0.0003,100.0,642.91,1589.82,1405.87,552.38,47.309
3,55,0.0003,-0.0001,100.0,642.85,1591.44,1405.46,552.48,47.495
3,56,-0.0004,-0.0002,100.0,642.44,1592.59,1404.99,552.96,47.368
3,57,0.0041,0.0002,100.0,643.5,1592.43,1405.82,552.33,47.544
3,58,-0.0013,-0.0001,100.0,643.24,1592.47,1405.61,552.22,47.482
3,59,-0.0008,0.0002,100.0,642.73,1592.03,1406.29,552.49,47.303
3,60,0.004,0.0001,100.0,643.46,1591.35,1406.09,552.88,47.553
3,61,-0.0017,0.0005,100.0,642.82,1592.91,1406.44,552.58,47.442
3,62,-0.0011,-0.0003,100.0,642.73,1591.94,1405.42,552.48,47.625
3,63,-0.0003,0.0003,100.0,642.77,1594.54,1405.65,552.61,47.528
3,64,0.0017,0.0002,100.0,642.35,1593.34,1405.64,552.05,47.584
3,65,0.0004,-0.0002,100.0,643.39,1592.5,1407.25,552.7,47.43
3,66,-0.0026,0.0002,100.0,642.39,1592.6,1405.21,552.64,47.482
3,67,-0.0011,0.0001,100.0,642.69,1593.16,1405.54,552.38,47.506
3,68,-0.0012,-0.0,100.0,642.35,1593.15,1405.28,552.78,47.673
3,69,-0.0002,-0.0002,100.0,643.27,1594.44,1406.82,552.12,47.779
3,70,0.0009,-0.0001,100.0,643.28,1593.77,1407.16,552.77,47.49
3,71,0.0008,0.0004,100.0,643.23,1593.09,1406.69,552.46,47.724
3,72,-0.0036,0.0,100.0,642.94,1595.52,1406.65,552.29,47.343
3,73,0.0021,0.0002,100.0,642.92,1594.02,1407.18,552.36,47.468
3,74,0.0005,-0.0002,100.0,643.69,1594.78,1407.68,552.31,47.505
3,75,0.0028,-0.0002,100.0,643.27,1593.67,1407.1,552.69,47.466
3,76,0.0009,0.0002,100.0,643.69,1594.67,1406.83,551.98,47.447
3,77,0.0022,-0.0003,100.0,643.18,1594.75,1405.61,552.05,47.695
3,78,0.0009,-0.0001,100.0,643.7,1592.84,1407.9,552.57,47.628
3,79,0.0027,0.0,100.0,644.23,1596.58,1408.45,552.06,47.708
3,80,0.001,0.0,100.0,643.95,1596.04,1407.89,552.48,47.753
3,81,-0.0002,-0.0,100.0,643.53,1594.58,1407.74,552.7,47.711
3,82,0.0045,0.0001,100.0,643.86,1594.03,1408.1,552.05,47.766
3,83,0.0018,0.0001,100.0,643.67,1595.53,1408.48,552.35,47.687
3,84,0.0011,0.0001,100.0,643.82,1595.41,1408.21,551.78,47.561
3,85,-0.0026,-0.0002,100.0,643.7,1595.79,1407.68,552.33,47.839
3,86,-0.0026,-0.0001,100.0,643.81,1595.76,1408.75,552.14,47.65
3,87,0.0006,0.0002,100.0,644.01,1596.19,1408.48,552.2,47.617
3,88,0.0003,0.0002,100.0,643.5,1597.25,1408.19,551.84,47.716
3,89,-0.0012,-0.0003,100.0,643.53,1596.5,1407.78,551.51,47.636
3,90,0.0003,0.0001,100.0,643.39,1595.01,1407.55,552.14,47.704
3,91,0.0032,-0.0004,100.0,643.33,1597.56,1407.88,551.35,47.804
3,92,0.0014,0.0,100.0,643.54,1597.98,1408.19,551.85,47.813
3,93,-0.0023,0.0004,100.0,644.19,1599.66,1409.38,552.2,47.672
3,94,-0.0002,-0.0002,100.0,643.75,1595.4,1408.44,551.96,47.729
3,95,-0.0016,-0.0002,100.0,644.42,1596.93,1408.65,552.46,47.925
3,96,-0.0008,0.0002,100.0,644.23,1594.63,1409.13,552.16,47.864
3,97,-0.0008,-0.0003,100.0,643.37,1597.5,1408.59,551.64,48.062
3,98,-0.001,-0.0001,100.0,644.58,1596.47,1409.79,551.82,47.963
3,99,-0.0025,0.0001,100.0,644.68,1599.21,1410.01,551.77,47.967
3,100,-0.0003,-0.0001,100.0,643.9,1596.46,1409.58,551.29,47.671
3,101,-0.0011,-0.0,100.0,644.57,1595.59,1409.72,551.46,47.938
3,102,-0.0059,0.0001,100.0,644.03,1597.03,1408.6,551.55,47.848
3,103,0.0041,0.0001,100.0,644.5,1595.5,1410.0,551.09,47.797
3,104,0.0022,0.0001,100.0,643.92,1598.61,1409.07,551.69,47.892
3,105,-0.0008,-0.0001,100.0,643.71,1595.63,1408.59,551.58,47.993
3,106,0.0,0.0001,100.0,644.38,1598.06,1409.97,551.13,47.948
3,107,-0.0023,-0.0,100.0,644.53,1595.83,1410.57,551.73,47.791
3,108,0.0034,0.0001,100.0,644.44,1597.91,1410.24,551.8,47.994
3,109,0.0038,-0.0001,100.0,644.12,1600.25,1410.0,551.63,47.837
3,110,0.0003,-0.0,100.0,644.51,1598.93,1411.35,551.44,47.948
3,111,0.002,-0.0002,100.0,644.84,1597.65,1410.79,551.7,47.894
3,112,0.0004,-0.0,100.0,644.73,1598.73,1410.99,551.7,47.912
3,113,-0.0027,-0.0002,100.0,644.87,1598.91,1410.84,551.57,48.039
3,114,-0.0008,-0.0002,100.0,644.52,1599.56,1410.24,551.21,47.83
3,115,0.0003,0.0001,100.0,645.38,1597.53,1411.62,551.51,48.197
3,116,-0.0009,0.0,100.0,644.36,1599.95,1410.3,551.77,47.754
3,117,-0.0004,0.0002,100.0,645.14,1596.18,1411.86,551.21,47.909
3,118,-0.0002,-0.0001,100.0,645.49,1598.75,1413.39,551.99,48.033
3,119,-0.0002,0.0001,100.0,645.21,1599.04,1411.52,551.18,48.067
3,120,0.0001,0.0001,100.0,644.93,1600.51,1411.33,551.33,47.994
3,121,-0.0021,0.0001,100.0,644.82,1599.9,1411.4,551.09,48.007
3,122,-0.0014,-0.0002,100.0,645.56,1598.28,1412.72,551.34,48.072
3,123,-0.0026,0.0,100.0,644.48,1598.91,1411.19,550.73,48.003
3,124,0.002,0.0001,100.0,644.72,1600.48,1412.08,551.07,48.206
3,125,-0.0042,0.0,100.0,645.01,1600.27,1410.69,550.88,48.148
3,126,0.0023,-0.0004,100.0,645.78,1599.77,1411.83,551.22,48.161
3,127,0.0028,0.0,100.0,645.43,1600.01,1412.34,551.46,47.948
3,128,-0.0006,0.0004,100.0,644.85,1601.61,1412.37,551.33,48.063
3,129,-0.0052,-0.0001,100.0,645.18,1600.2,1411.56,550.41,48.045
3,130,-0.0007,-0.0001,100.0,645.08,1600.87,1410.74,551.71,47.969
3,131,-0.0001,0.0001,100.0,645.07,1603.87,1412.57,551.16,48.141
3,132,-0.002,0.0001,100.0,645.87,1599.39,1413.58,550.82,48.042
3,133,-0.001,0.0002,100.0,644.84,1598.95,1411.52,551.08,48.193
3,134,0.0031,-0.0003,100.0,646.22,1602.49,1413.55,551.06,47.994
3,135,0.0013,0.0001,100.0,645.9,1600.71,1413.16,550.78,48.338
3,136,-0.0018,0.0001,100.0,646.05,1601.3,1413.96,551.02,48.032
3,137,-0.0032,-0.0,100.0,645.38,1600.81,1412.71,550.76,48.174
3,138,-0.0007,0.0001,100.0,645.56,1601.62,1413.57,550.79,48.251
3,139,-0.0004,0.0002,100.0,645.01,1604.21,1411.18,550.69,48.096
3,140,0.001,0.0002,100.0,645.46,1603.28,1412.85,550.44,48.275
3,141,-0.0011,-0.0002,100.0,645.95,1603.49,1413.46,550.89,48.034
3,142,0.001,0.0002,100.0,646.34,1600.54,1414.49,551.0,48.364
3,143,0.0039,-0.0,100.0,645.3,1601.01,1412.94,550.96,48.2
3,144,0.0016,0.0,100.0,645.66,1598.82,1414.16,551.03,48.135
3,145,-0.0001,0.0,100.0,645.79,1601.71,1413.07,550.86,48.179
3,146,-0.0004,-0.0,100.0,645.27,1604.26,1413.34,550.58,48.321
3,147,-0.0007,0.0002,100.0,646.19,1603.78,1414.94,550.97,48.162
3,148,0.0024,-0.0,100.0,645.64,1602.88,1414.87,550.29,48.15
3,149,-0.0013,-0.0002,100.0,645.91,1603.28,1414.12,550.4,48.222
3,150,0.0001,-0.0001,100.0,645.82,1602.47,1414.45,550.36,48.116
3,151,0.0001,0.0,100.0,645.71,1603.85,1413.28,550.95,48.484
3,152,-0.001,0.0002,100.0,646.09,1604.77,1413.57,550.89,48.206
3,153,-0.0027,0.0001,100.0,646.03,1601.5,1415.16,550.73,48.467
3,154,0.0006,-0.0002,100.0,645.99,1604.36,1414.73,550.88,48.502
3,155,-0.0001,0.0005,100.0,645.87,1605.39,1415.2,550.27,48.467
3,156,0.001,0.0001,100.0,646.37,1603.57,1414.67,550.62,48.694
3,157,-0.0011,0.0003,100.0,647.01,1605.31,1416.57,550.45,48.897
3,158,0.0024,-0.0,100.0,646.36,1608.53,1416.38,550.72,48.89
3,159,-0.0018,0.0001,100.0,646.78,1604.39,1416.3,550.41,49.164
3,160,0.0034,0.0002,100.0,645.74,1605.24,1414.82,550.31,49.253
3,161,-0.0035,0.0002,100.0,646.47,1603.7,1415.76,550.56,49.349
3,162,0.0009,0.0002,100.0,645.94,1605.18,1414.28,550.64,49.293
3,163,0.001,0.0002,100.0,645.8,1605.72,1415.59,550.16,49.327
3,164,-0.0016,-0.0001,100.0,646.16,1605.45,1415.16,550.32,49.492
3,165,0.0008,-0.0001,100.0,647.07,1603.74,1417.05,550.0,49.698
3,166,0.0026,0.0001,100.0,646.99,1605.71,1415.95,549.54,49.849
3,167,-0.0044,0.0002,100.0,646.71,1607.75,1415.8,550.33,49.632
3,168,0.001,-0.0,100.0,645.94,1606.33,1416.08,550.43,50.001
3,169,-0.005,0.0002,100.0,646.58,1607.25,1416.14,550.3,50.13
3,170,-0.0019,0.0003,100.0,646.83,1605.53,1417.44,549.62,50.186
3,171,0.0033,-0.0002,100.0,646.81,1607.18,1416.69,550.07,50.483
3,172,-0.0012,-0.0002,100.0,645.94,1606.57,1414.64,549.49,50.488
3,173,-0.0023,-0.0,100.0,646.4,1604.78,1416.7,550.54,50.704
3,174,-0.0004,0.0001,100.0,646.8,1606.88,1416.57,549.79,50.629
3,175,0.0041,-0.0001,100.0,647.11,1604.95,1417.7,550.47,50.877
3,176,-0.0037,0.0003,100.0,645.91,1605.63,1415.74,550.35,51.069
3,177,-0.0021,0.0001,100.0,646.86,1607.05,1416.33,549.77,51.14
3,178,0.003,0.0,100.0,647.03,1607.35,1417.47,549.68,50.96
3,179,0.0037,-0.0003,100.0,647.38,1605.1,1419.03,550.11,51.17
4,1,-0.0007,-0.0,100.0,640.95,1585.61,1399.73,553.86,46.979
4,2,0.001,0.0,100.0,640.69,1584.88,1400.2,553.74,46.907
4,3,0.0014,0.0,100.0,641.46,1585.42,1401.75,553.91,47.116
4,4,-0.0017,0.0002,100.0,641.59,1585.58,1401.22,554.11,46.803
4,5,0.0001,0.0002,100.0,640.2,1586.01,1399.13,553.9,47.112
4,6,-0.004,-0.0002,100.0,641.16,1585.25,1400.49,553.82,46.909
4,7,0.0029,0.0002,100.0,641.7,1586.19,1400.08,553.89,47.198
4,8,-0.001,-0.0002,100.0,641.14,1585.56,1400.9,553.67,47.074
4,9,0.0001,0.0001,100.0,641.58,1585.31,1401.25,553.73,47.139
4,10,-0.0006,0.0001,100.0,641.43,1586.34,1401.23,553.19,47.079
4,11,0.0023,-0.0004,100.0,641.46,1586.7,1400.74,554.09,46.865
4,12,-0.0057,0.0,100.0,641.21,1587.42,1400.6,553.87,46.979
4,13,-0.0,-0.0001,100.0,640.81,1585.75,1400.07,553.53,47.17
4,14,-0.0002,-0.0002,100.0,640.88,1586.75,1400.92,554.31,47.116
4,15,-0.0009,0.0003,100.0,641.73,1586.32,1401.45,553.75,47.245
4,16,0.0035,-0.0001,100.0,641.45,1587.0,1402.33,553.4,47.158
4,17,-0.0018,-0.0002,100.0,641.41,1585.99,1401.49,553.95,47.001
4,18,0.0015,0.0,100.0,641.3,1586.19,1400.53,553.79,47.028
4,19,0.0007,0.0001,100.0,641.39,1586.53,1401.27,553.77,47.143
4,20,0.0025,-0.0,100.0,642.02,1587.06,1401.93,553.51,46.86
4,21,-0.0013,0.0002,100.0,641.43,1586.79,1400.37,553.75,47.345
4,22,-0.0015,0.0001,100.0,641.0,1587.56,1401.71,553.52,47.204
4,23,0.0022,-0.0004,100.0,641.97,1587.86,1402.66,553.74,47.306
4,24,0.0009,-0.0001,100.0,641.57,1587.74,1402.06,552.99,46.975
4,25,-0.0031,-0.0001,100.0,641.7,1588.39,1402.09,553.41,47.321
4,26,-0.0011,0.0001,100.0,642.44,1587.85,1402.4,554.04,47.447
4,27,0.0008,-0.0005,100.0,641.73,1587.06,1401.89,553.27,47.027
4,28,0.0017,0.0005,100.0,641.9,1588.58,1402.84,553.31,47.285
4,29,-0.0014,0.0001,100.0,641.27,1587.59,1401.05,553.33,47.2
4,30,-0.0058,0.0,100.0,641.73,1588.54,1400.99,553.09,47.021
4,31,0.001,0.0002,100.0,642.13,1589.03,1402.75,552.77,47.272
4,32,-0.0024,0.0005,100.0,641.18,1588.49,1401.5,553.34,47.32
4,33,-0.004,0.0002,100.0,642.0,1587.46,1402.83,553.44,47.155
4,34,-0.0057,0.0002,100.0,641.98,1587.89,1403.14,553.36,47.374
4,35,0.0016,0.0,100.0,641.98,1589.32,1403.14,553.31,47.041
4,36,0.0003,-0.0,100.0,642.46,1588.53,1403.66,553.35,47.068
4,37,-0.0005,-0.0001,100.0,642.17,1588.78,1403.76,553.63,47.271
4,38,0.0028,-0.0002,100.0,642.71,1589.3,1403.2,553.25,47.265
4,39,0.0013,-0.0001,100.0,641.63,1589.36,1402.74,553.11,47.182
4,40,0.0032,-0.0003,100.0,642.16,1589.21,1403.59,553.18,47.372
4,41,-0.0028,-0.0,100.0,642.17,1589.01,1402.71,553.42,47.346
4,42,-0.0001,-0.0003,100.0,641.67,1589.04,1401.92,553.65,47.392
4,43,-0.0032,0.0,100.0,642.61,1589.89,1403.66,553.02,47.281
4,44,-0.0005,-0.0,100.0,643.26,1589.8,1404.65,553.22,47.375
4,45,-0.0005,0.0,100.0,642.23,1589.37,1403.96,553.28,47.256
4,46,0.0013,-0.0001,100.0,642.49,1590.35,1403.68,552.86,47.563
4,47,0.0001,0.0006,100.0,642.33,1589.66,1403.37,553.14,47.226
4,48,0.0012,0.0003,100.0,642.0,1589.28,1403.08,552.68,47.583
4,49,0.0014,-0.0002,100.0,641.53,1589.44,1403.32,552.57,47.341
4,50,0.0043,0.0,100.0,642.06,1589.38,1403.55,553.19,47.179
4,51,-0.0006,-0.0001,100.0,641.78,1589.96,1403.11,552.95,47.515
4,52,-0.0019,-0.0002,100.0,643.2,1591.09,1405.17,553.11,47.373
4,53,0.0005,-0.0003,100.0,642.41,1589.79,1404.81,553.02,47.467
4,54,-0.0016,0.0001,100.0,642.33,1590.58,1403.72,552.72,47.518
4,55,0.003,-0.0001,100.0,642.91,1590.09,1405.6,552.98,47.419
4,56,-0.0006,0.0002,100.0,642.04,1590.47,1403.87,552.6,47.314
4,57,-0.0011,0.0002,100.0,642.22,1589.67,1403.98,553.37,47.509
4,58,-0.0009,0.0003,100.0,642.63,1590.69,1405.93,552.53,47.399
4,59,0.0014,-0.0002,100.0,643.09,1590.81,1404.83,552.86,47.488
4,60,-0.0003,0.0001,100.0,642.88,1591.45,1404.93,552.59,47.154
4,61,-0.0013,0.0001,100.0,642.79,1591.32,1404.41,553.05,47.473
4,62,0.0033,-0.0001,100.0,642.74,1590.37,1405.47,552.76,47.35
4,63,-0.0017,-0.0002,100.0,642.91,1592.17,1406.12,552.69,47.632
4,64,0.0001,0.0003,100.0,642.85,1591.62,1406.07,553.08,47.515
4,65,0.0013,0.0,100.0,642.33,1591.71,1405.16,552.82,47.476
4,66,-0.0033,0.0001,100.0,642.84,1591.65,1405.2,552.94,47.512
4,67,0.001,-0.0002,100.0,642.36,1591.36,1404.49,552.48,47.341
4,68,-0.0021,-0.0002,100.0,642.91,1592.03,1404.65,552.33,47.663
4,69,0.0016,-0.0001,100.0,642.68,1592.33,1406.22,552.77,47.714
4,70,-0.0019,-0.0,100.0,644.07,1590.69,1407.42,552.62,47.529
4,71,0.0014,-0.0002,100.0,642.94,1591.74,1405.4,552.89,47.679
4,72,0.0022,-0.0,100.0,642.35,1592.06,1405.53,552.65,47.427
4,73,0.0017,-0.0003,100.0,642.95,1592.57,1405.26,552.72,47.407
4,74,0.0005,-0.0002,100.0,643.27,1593.43,1406.44,552.16,47.514
4,75,-0.0005,0.0001,100.0,643.82,1591.94,1406.96,553.19,47.568
4,76,-0.0012,0.0001,100.0,642.83,1592.26,1406.02,552.56,47.476
4,77,0.0029,-0.0001,100.0,642.41,1592.35,1405.12,552.8,47.594
4,78,-0.0014,-0.0002,100.0,643.51,1592.21,1406.01,552.32,47.573
4,79,-0.0021,-0.0002,100.0,642.55,1592.68,1405.47,552.64,47.424
4,80,0.0013,-0.0001,100.0,643.01,1593.72,1406.64,552.14,47.613
4,81,-0.0016,0.0001,100.0,643.11,1592.28,1406.28,552.65,47.661
4,82,-0.0019,0.0002,100.0,643.23,1593.64,1406.89,552.39,47.585
4,83,-0.0029,-0.0001,100.0,643.59,1591.92,1406.53,552.49,47.709
4,84,-0.001,-0.0002,100.0,643.0,1592.99,1406.25,552.67,47.432
4,85,-0.0002,0.0001,100.0,643.22,1593.29,1406.3,552.07,47.641
4,86,0.0005,-0.0002,100.0,643.36,1595.14,1407.23,552.22,47.451
4,87,0.0019,-0.0001,100.0,643.46,1593.54,1407.05,552.54,47.465
4,88,0.0011,0.0003,100.0,643.47,1591.93,1407.44,553.01,47.53
4,89,-0.0004,0.0002,100.0,643.65,1592.2,1407.93,552.33,47.499
4,90,-0.0004,0.0,100.0,643.86,1594.11,1408.07,552.53,47.554
4,91,0.001,-0.0003,100.0,643.68,1594.74,1407.65,552.3,47.6
4,92,0.0025,0.0,100.0,643.74,1594.62,1407.14,552.89,47.733
4,93,0.0003,0.0002,100.0,642.85,1594.54,1406.43,551.77,47.601
4,94,-0.0009,-0.0001,100.0,643.61,1595.55,1407.27,552.3,47.457
4,95,-0.002,0.0003,100.0,643.83,1594.09,1407.71,551.77,47.79
4,96,-0.0029,0.0003,100.0,643.97,1595.52,1407.93,551.49,47.56
4,97,0.0013,0.0003,100.0,643.36,1593.26,1406.82,552.31,47.66
4,98,0.0012,0.0001,100.0,643.4,1594.04,1406.43,552.24,47.728
4,99,0.0012,0.0001,100.0,643.47,1593.28,1407.21,552.1,47.705
4,100,-0.0003,0.0003,100.0,643.99,1594.83,1408.41,552.13,47.819
4,101,0.0028,0.0001,100.0,644.25,1595.15,1408.05,553.08,47.752
4,102,-0.001,-0.0001,100.0,643.62,1595.4,1407.89,552.05,47.598
4,103,0.0019,-0.0001,100.0,644.24,1595.45,1409.74,552.26,47.97
4,104,-0.0001,0.0,100.0,643.92,1594.59,1408.89,551.9,47.739
4,105,-0.0012,-0.0003,100.0,643.83,1595.41,1409.12,552.16,47.705
4,106,0.0012,-0.0,100.0,643.82,1594.22,1408.52,551.98,47.845
4,107,0.0008,0.0002,100.0,644.28,1597.15,1409.59,551.91,47.766
4,108,0.0007,-0.0004,100.0,644.12,1595.6,1408.46,552.56,47.791
4,109,0.0002,0.0003,100.0,645.02,1595.51,1409.81,552.35,48.049
4,110,-0.0001,0.0002,100.0,643.64,1597.7,1406.87,552.02,47.724
4,111,0.0048,-0.0001,100.0,644.29,1594.95,1409.78,551.27,47.726
4,112,0.0024,0.0001,100.0,643.84,1595.16,1409.37,551.84,47.785
4,113,0.0014,0.0,100.0,643.72,1595.28,1408.2,552.74,47.906
4,114,0.0002,0.0002,100.0,644.13,1596.43,1408.96,551.84,47.604
4,115,0.002,0.0002,100.0,644.23,1597.05,1408.89,552.22,47.555
4,116,0.001,-0.0003,100.0,645.51,1597.47,1411.29,552.3,47.728
4,117,0.0001,0.0001,100.0,644.14,1599.49,1409.79,551.92,47.609
4,118,-0.0006,-0.0,100.0,643.74,1594.55,1407.84,551.58,47.761
4,119,-0.0002,0.0,100.0,644.4,1597.65,1409.88,551.09,47.879
4,120,-0.0063,-0.0001,100.0,643.37,1596.52,1408.13,552.0,47.719
4,121,0.0004,0.0003,100.0,644.29,1596.59,1409.66,551.54,47.661
4,122,-0.001,0.0002,100.0,644.37,1596.65,1409.98,551.81,47.848
4,123,0.0032,-0.0001,100.0,644.74,1596.43,1410.22,551.37,47.95
4,124,0.0,-0.0003,100.0,644.85,1599.34,1410.46,551.65,47.65
4,125,-0.0024,-0.0001,100.0,644.21,1598.53,1409.55,551.72,47.959
4,126,-0.0001,0.0001,100.0,644.4,1597.74,1410.45,551.77,47.965
4,127,-0.0021,0.0,100.0,644.15,1599.3,1409.86,551.34,47.988
4,128,0.0009,0.0003,100.0,644.02,1596.25,1409.62,552.01,48.027
4,129,0.0006,0.0002,100.0,644.69,1596.54,1409.86,551.45,48.152
4,130,0.0019,0.0002,100.0,644.0,1595.69,1409.38,551.11,47.852
4,131,-0.0016,0.0001,100.0,644.42,1597.44,1410.65,551.56,47.915
4,132,0.0001,-0.0003,100.0,644.19,1598.5,1409.93,551.59,47.858
4,133,-0.0027,-0.0,100.0,644.91,1598.54,1411.29,551.61,47.915
4,134,0.0014,0.0002,100.0,645.5,1598.69,1412.72,551.95,48.106
4,135,0.001,-0.0,100.0,644.13,1597.01,1410.47,551.45,47.767
4,136,0.001,0.0001,100.0,643.91,1599.65,1409.74,551.47,47.832
4,137,0.0,-0.0001,100.0,644.71,1599.1,1410.59,551.16,48.108
4,138,0.0008,-0.0002,100.0,644.81,1599.78,1409.75,551.71,48.072
4,139,0.0032,-0.0,100.0,644.92,1596.82,1411.14,551.5,47.913
4,140,-0.0006,0.0001,100.0,644.65,1599.49,1410.73,551.31,48.066
4,141,0.0003,-0.0001,100.0,644.79,1597.83,1411.32,550.84,48.011
4,142,-0.0022,-0.0,100.0,645.07,1598.86,1411.48,551.83,48.157
4,143,-0.0017,-0.0002,100.0,645.4,1600.07,1411.9,551.01,47.993
4,144,0.0002,0.0002,100.0,644.08,1599.64,1409.37,551.18,48.114
4,145,0.0022,-0.0001,100.0,644.82,1598.61,1410.86,551.45,48.315
4,146,-0.0005,0.0003,100.0,645.11,1599.74,1412.02,550.96,48.076
4,147,-0.0005,0.0003,100.0,644.63,1597.98,1412.01,550.85,48.017
4,148,-0.0008,-0.0,100.0,645.85,1601.33,1412.85,550.65,48.105
4,149,-0.0011,-0.0002,100.0,644.81,1599.79,1411.65,551.48,47.981
4,150,0.0006,-0.0004,100.0,645.11,1601.51,1412.42,551.08,48.319
4,151,-0.003,-0.0003,100.0,645.41,1599.59,1412.0,552.11,48.061
4,152,0.0026,-0.0003,100.0,644.92,1599.69,1411.95,550.91,48.013
4,153,-0.0013,0.0003,100.0,644.38,1599.49,1410.68,550.92,47.952
4,154,0.0014,0.0,100.0,645.05,1601.63,1412.46,551.0,48.191
4,155,-0.0025,0.0001,100.0,645.73,1599.75,1413.1,551.23,48.171
4,156,0.0013,-0.0004,100.0,645.14,1601.55,1412.39,551.0,48.014
4,157,0.0013,-0.0002,100.0,644.94,1600.36,1411.61,551.3,48.149
4,158,0.0008,0.0002,100.0,645.77,1598.44,1413.55,550.81,47.906
4,159,-0.002,0.0001,100.0,645.23,1600.32,1413.53,550.67,48.116
4,160,0.0005,-0.0,100.0,645.17,1599.64,1411.94,550.52,48.155
4,161,-0.0024,0.0001,100.0,645.5,1601.29,1412.78,550.38,48.313
4,162,-0.0005,0.0003,100.0,645.81,1599.81,1413.54,550.87,48.022
4,163,0.0021,-0.0,100.0,646.56,1602.65,1414.91,550.92,47.968
4,164,0.0016,0.0,100.0,645.89,1601.43,1413.34,550.8,48.021
4,165,0.0,0.0,100.0,646.06,1601.42,1412.48,551.35,47.975
4,166,-0.0019,0.0005,100.0,645.34,1602.61,1413.61,551.32,48.303
4,167,0.0013,-0.0004,100.0,645.13,1603.12,1413.06,550.84,48.335
4,168,0.0,0.0001,100.0,645.65,1601.93,1412.57,550.38,48.194
4,169,-0.0046,-0.0,100.0,645.7,1601.03,1413.25,550.73,48.309
4,170,0.0016,0.0001,100.0,645.19,1599.79,1413.67,550.7,48.186
4,171,-0.0,-0.0001,100.0,645.63,1601.34,1414.27,550.67,48.165
4,172,0.0024,-0.0,100.0,645.91,1601.53,1414.44,550.63,48.144
4,173,-0.0022,0.0001,100.0,645.92,1602.6,1413.94,550.63,48.153
4,174,-0.0064,0.0006,100.0,646.02,1602.09,1414.25,550.69,48.012
4,175,0.0006,0.0002,100.0,645.95,1603.6,1414.09,550.6,48.236
4,176,0.0006,-0.0002,100.0,645.62,1601.92,1414.3,550.83,48.206
4,177,-0.0034,-0.0001,100.0,645.64,1602.78,1413.37,550.86,48.307
4,178,-0.002,-0.0001,100.0,645.36,1604.6,1413.05,550.46,48.236
4,179,0.0055,-0.0004,100.0,646.73,1603.54,1415.92,551.1,48.212
4,180,-0.0006,-0.0001,100.0,645.96,1603.08,1414.35,550.4,48.134
4,181,0.0015,0.0001,100.0,645.88,1602.43,1414.99,550.19,48.254
4,182,-0.0013,-0.0003,100.0,645.59,1602.48,1413.6,550.77,48.341
4,183,-0.0042,0.0002,100.0,647.36,1602.27,1416.43,550.4,48.122
4,184,-0.0003,0.0001,100.0,645.58,1602.8,1413.55,550.72,48.277
4,185,-0.0005,-0.0001,100.0,645.9,1604.74,1414.5,549.88,48.301
4,186,-0.0008,-0.0,100.0,646.31,1603.45,1414.37,551.0,48.251
4,187,-0.0002,0.0003,100.0,646.42,1601.94,1415.06,550.77,48.357
4,188,0.0005,0.0001,100.0,646.61,1606.51,1414.9,550.1,48.544
4,189,-0.0003,0.0,100.0,647.02,1604.53,1416.58,550.09,48.47
4,190,-0.0025,-0.0,100.0,646.46,1602.14,1415.85,551.02,48.737
4,191,0.001,0.0,100.0,645.78,1603.63,1413.71,550.27,48.677
4,192,-0.0039,-0.0001,100.0,646.17,1604.54,1415.83,550.23,49.002
4,193,-0.0041,-0.0004,100.0,646.45,1606.97,1416.85,549.78,49.244
4,194,0.0015,0.0004,100.0,647.27,1602.95,1416.81,550.34,48.95
4,195,0.001,0.0,100.0,645.74,1606.12,1414.37,550.35,49.207
4,196,-0.0001,0.0001,100.0,646.94,1606.85,1417.82,550.62,49.145
4,197,-0.0028,-0.0,100.0,646.5,1603.95,1415.17,549.97,49.446
4,198,-0.0014,-0.0001,100.0,646.83,1604.57,1416.35,549.91,49.259
4,199,-0.0005,-0.0,100.0,646.43,1603.53,1415.91,550.48,49.558
4,200,-0.0032,-0.0003,100.0,646.13,1604.88,1416.11,550.63,49.485
4,201,-0.0015,0.0005,100.0,646.87,1605.23,1416.7,549.84,49.655
4,202,0.0013,-0.0002,100.0,646.85,1606.38,1416.28,550.62,49.645
4,203,0.0029,-0.0002,100.0,647.02,1607.14,1416.33,550.29,49.957
4,204,-0.0008,-0.0001,100.0,646.61,1604.45,1416.11,550.58,49.847
4,205,0.0015,0.0003,100.0,646.37,1602.68,1415.48,550.22,50.103
4,206,-0.0038,0.0,100.0,645.97,1605.76,1415.49,549.46,50.085
4,207,0.0013,-0.0002,100.0,647.07,1606.34,1416.76,550.16,50.202
4,208,-0.0016,0.0003,100.0,646.92,1606.38,1416.13,550.5,50.323
4,209,0.0006,0.0001,100.0,646.32,1605.59,1416.7,549.9,50.304
4,210,-0.0005,0.0001,100.0,646.54,1606.39,1416.18,550.03,50.51
4,211,0.0026,0.0001,100.0,646.6,1608.66,1415.92,550.08,50.757
4,212,-0.0017,0.0005,100.0,646.17,1606.99,1415.91,549.24,50.57
4,213,0.0013,0.0004,100.0,646.49,1605.91,1416.51,550.59,50.893
4,214,-0.0006,-0.0001,100.0,646.38,1605.81,1415.49,549.8,51.022
4,215,-0.0003,0.0003,100.0,646.73,1606.43,1417.06,550.21,50.834
4,216,-0.0004,0.0001,100.0,646.61,1609.4,1416.25,550.01,50.846
4,217,-0.0017,0.0001,100.0,646.24,1606.61,1417.15,550.4,51.147
4,218,-0.0,-0.0003,100.0,647.91,1606.97,1418.94,550.12,51.134
5,1,0.0037,0.0001,100.0,640.42,1584.89,1399.11,553.87,46.924
5,2,0.0001,0.0003,100.0,641.48,1584.55,1400.97,553.69,47.033
5,3,-0.0016,-0.0001,100.0,641.47,1586.16,1399.86,553.66,47.057
5,4,-0.0023,-0.0,100.0,640.75,1585.01,1398.69,553.26,46.926
5,5,0.0022,0.0003,100.0,640.85,1585.74,1400.25,554.27,47.002
5,6,-0.0011,0.0001,100.0,641.02,1586.26,1400.62,553.64,47.033
5,7,0.0001,0.0001,100.0,640.26,1586.19,1400.4,554.17,47.26
5,8,0.0019,-0.0002,100.0,641.46,1586.11,1401.19,554.11,46.828
5,9,-0.001,0.0001,100.0,641.23,1585.48,1401.25,553.38,47.232
5,10,-0.0001,-0.0002,100.0,641.82,1586.03,1401.63,553.42,46.984
5,11,-0.0,-0.0002,100.0,640.93,1586.65,1400.69,554.48,46.942
5,12,0.0014,-0.0001,100.0,641.19,1586.32,1401.8,554.22,47.258
5,13,0.0012,-0.0001,100.0,640.83,1586.95,1399.45,553.66,47.214
5,14,-0.0004,-0.0,100.0,641.09,1587.33,1401.15,553.72,47.286
5,15,0.0001,-0.0003,100.0,641.05,1587.63,1402.01,553.42,47.241
5,16,-0.0007,0.0002,100.0,642.07,1586.63,1402.57,553.72,47.402
5,17,-0.003,0.0002,100.0,641.34,1588.58,1402.29,553.35,47.232
5,18,0.0005,-0.0004,100.0,641.75,1587.97,1401.78,552.93,47.155
5,19,0.0038,0.0002,100.0,641.56,1587.7,1401.87,553.11,47.225
5,20,-0.0018,-0.0002,100.0,641.2,1588.44,1401.46,553.49,47.343
5,21,-0.0015,0.0002,100.0,641.74,1589.31,1401.15,553.12,47.11
5,22,-0.0017,-0.0,100.0,642.12,1587.3,1402.26,553.41,47.135
5,23,0.0014,0.0,100.0,641.35,1588.13,1401.28,553.08,47.186
5,24,0.0009,-0.0,100.0,642.29,1587.01,1403.61,553.15,46.98
5,25,-0.0003,0.0002,100.0,641.59,1588.66,1402.71,553.61,47.259
5,26,-0.0018,-0.0002,100.0,641.79,1588.91,1402.78,553.4,47.025
5,27,0.0002,0.0001,100.0,642.28,1588.81,1403.77,553.3,47.268
5,28,-0.0031,0.0002,100.0,641.79,1588.57,1402.65,553.54,47.375
5,29,0.0003,0.0001,100.0,642.14,1587.84,1403.88,553.4,47.223
5,30,0.0017,0.0005,100.0,642.02,1589.49,1403.17,553.66,47.492
5,31,-0.0025,-0.0001,100.0,642.26,1590.33,1403.59,553.06,47.125
5,32,-0.0031,0.0002,100.0,641.17,1589.16,1401.96,553.05,47.453
5,33,0.0032,-0.0,100.0,641.45,1589.97,1402.89,552.76,47.4
5,34,-0.0012,0.0002,100.0,642.59,1588.79,1403.99,552.99,47.123
5,35,0.0023,-0.0,100.0,642.82,1590.27,1405.07,553.39,47.664
5,36,-0.0003,-0.0001,100.0,641.98,1589.84,1402.9,553.46,47.341
5,37,-0.0003,0.0003,100.0,642.32,1589.73,1403.45,553.33,47.253
5,38,0.0009,-0.0001,100.0,642.6,1589.87,1404.79,552.48,47.199
5,39,-0.0018,-0.0003,100.0,642.82,1590.26,1404.77,553.32,47.351
5,40,0.0003,-0.0001,100.0,641.64,1590.95,1402.99,552.42,47.372
5,41,-0.0008,0.0001,100.0,642.19,1589.88,1404.49,553.21,47.409
5,42,-0.0026,0.0003,100.0,642.48,1590.67,1404.21,552.81,47.371
5,43,0.0007,0.0,100.0,642.98,1591.07,1405.17,553.1,47.492
5,44,-0.0005,0.0003,100.0,643.83,1590.43,1407.22,552.46,47.379
5,45,-0.0003,-0.0003,100.0,642.64,1592.73,1405.68,553.19,47.203
5,46,-0.0024,-0.0001,100.0,642.15,1590.88,1405.07,552.37,47.427
5,47,0.0032,-0.0001,100.0,643.0,1591.16,1405.39,552.59,47.171
5,48,0.0018,-0.0,100.0,643.45,1591.06,1406.83,552.46,47.507
5,49,0.0019,0.0,100.0,642.95,1593.36,1405.1,552.21,47.357
5,50,-0.0006,0.0001,100.0,642.53,1592.53,1404.59,552.74,47.503
5,51,-0.0035,-0.0001,100.0,643.41,1591.49,1405.16,553.23,47.651
5,52,0.0039,0.0,100.0,643.31,1593.27,1407.09,553.46,47.389
5,53,-0.0001,-0.0,100.0,642.59,1592.69,1404.87,552.66,47.64
5,54,-0.0015,-0.0002,100.0,643.26,1592.87,1406.24,552.94,47.471
5,55,0.0008,-0.0,100.0,643.58,1592.52,1406.35,552.65,47.743
5,56,0.0023,-0.0,100.0,643.7,1592.32,1407.38,552.7,47.498
5,57,-0.0,-0.0,100.0,643.18,1593.37,1406.17,552.43,47.451
5,58,0.0026,0.0,100.0,643.08,1592.77,1405.63,552.56,47.644
5,59,0.0022,0.0,100.0,643.84,1594.93,1407.62,552.64,47.519
5,60,-0.0022,-0.0001,100.0,642.78,1592.42,1405.26,552.28,47.48
5,61,-0.0013,0.0003,100.0,643.56,1595.0,1406.71,552.4,47.533
5,62,0.0019,-0.0002,100.0,642.78,1593.7,1405.04,552.38,47.595
5,63,-0.0054,-0.0001,100.0,643.92,1594.21,1407.03,552.62,47.771
5,64,-0.0003,0.0006,100.0,643.36,1594.83,1407.11,552.03,47.387
5,65,-0.0029,-0.0002,100.0,644.09,1593.66,1407.12,552.31,47.632
5,66,-0.001,-0.0003,100.0,643.78,1595.16,1406.98,552.87,47.714
5,67,-0.0006,0.0001,100.0,643.04,1592.02,1406.75,552.62,47.672
5,68,-0.0007,-0.0004,100.0,644.27,1593.98,1408.25,552.65,47.815
5,69,-0.0011,-0.0,100.0,644.37,1593.93,1409.72,552.23,47.659
5,70,-0.0022,0.0004,100.0,644.11,1593.75,1409.34,552.29,47.655
5,71,0.0046,-0.0003,100.0,643.41,1594.87,1407.06,552.47,47.758
5,72,0.0037,-0.0004,100.0,643.65,1595.59,1408.17,552.61,47.709
5,73,-0.0023,-0.0003,100.0,643.89,1596.04,1408.66,551.53,47.66
5,74,0.0032,0.0002,100.0,643.55,1595.74,1407.57,551.7,47.778
5,75,-0.0008,0.0002,100.0,644.66,1594.99,1408.73,552.46,47.648
5,76,0.0003,-0.0001,100.0,644.01,1596.15,1408.62,551.96,47.662
5,77,-0.0001,0.0001,100.0,642.76,1596.05,1406.85,551.81,47.682
5,78,-0.0013,0.0003,100.0,644.17,1597.01,1408.75,551.61,47.917
5,79,0.002,0.0004,100.0,643.9,1597.0,1408.87,551.79,47.378
5,80,0.0003,-0.0,100.0,644.06,1596.39,1408.55,551.51,47.822
5,81,-0.001,-0.0005,100.0,643.97,1595.58,1408.29,552.54,47.788
5,82,-0.0026,-0.0002,100.0,644.54,1595.96,1409.77,551.88,47.592
5,83,-0.0018,-0.0001,100.0,644.72,1596.21,1410.22,551.84,47.84
5,84,-0.0033,-0.0001,100.0,644.38,1596.59,1409.02,552.01,47.87
5,85,0.0,-0.0,100.0,644.14,1597.35,1409.8,552.1,47.893
5,86,-0.0024,0.0002,100.0,644.31,1597.97,1408.74,552.06,47.514
5,87,-0.0005,0.0003,100.0,644.38,1597.29,1409.49,552.08,48.006
5,88,0.0027,-0.0,100.0,644.05,1597.51,1409.25,551.54,47.763
5,89,0.0024,0.0002,100.0,644.71,1597.79,1410.04,551.61,47.944
5,90,-0.0001,0.0001,100.0,644.69,1597.21,1410.11,551.91,47.96
5,91,-0.0002,0.0,100.0,645.22,1596.89,1412.13,551.49,47.775
5,92,0.0038,0.0002,100.0,645.13,1596.11,1410.7,551.62,47.97
5,93,0.001,0.0,100.0,644.29,1597.42,1411.23,551.72,47.854
5,94,-0.0007,0.0004,100.0,645.01,1598.88,1411.29,551.81,47.661
5,95,-0.0029,-0.0003,100.0,644.25,1597.69,1410.11,551.02,48.059
5,96,0.0008,-0.0001,100.0,645.03,1598.35,1411.45,551.74,47.836
5,97,0.0017,-0.0,100.0,644.52,1599.3,1411.83,551.43,47.836
5,98,-0.0013,0.0001,100.0,644.33,1599.51,1409.86,551.68,47.9
5,99,0.0006,0.0003,100.0,644.96,1597.79,1410.73,551.68,47.991
5,100,-0.0007,-0.0,100.0,643.67,1600.36,1409.17,551.9,47.961
5,101,-0.0004,-0.0003,100.0,644.12,1600.67,1410.25,551.8,48.043
5,102,-0.005,0.0002,100.0,644.87,1598.13,1410.48,551.77,47.826
5,103,-0.0004,0.0002,100.0,645.02,1598.63,1411.62,551.78,47.908
5,104,0.0019,-0.0004,100.0,644.86,1601.2,1412.29,551.4,47.993
5,105,-0.0013,-0.0,100.0,644.35,1599.73,1410.86,551.3,48.244
5,106,0.0001,-0.0003,100.0,644.74,1597.34,1411.24,551.53,48.012
5,107,-0.0015,-0.0001,100.0,645.32,1598.47,1411.95,551.46,48.166
5,108,0.0007,-0.0002,100.0,645.44,1600.02,1412.94,551.12,48.05
5,109,-0.0004,0.0002,100.0,645.21,1599.02,1411.81,551.31,47.997
5,110,-0.0019,0.0,100.0,645.78,1600.1,1414.0,551.15,48.035
5,111,0.0027,-0.0003,100.0,645.48,1600.8,1413.68,550.88,48.054
5,112,0.0019,0.0002,100.0,645.0,1602.75,1412.23,551.5,48.156
5,113,-0.0012,-0.0003,100.0,645.25,1600.67,1412.51,551.1,48.259
5,114,0.001,0.0001,100.0,644.78,1602.56,1412.43,551.67,48.146
5,115,0.0011,-0.0002,100.0,645.4,1603.17,1413.38,550.54,48.255
5,116,0.0013,-0.0001,100.0,645.99,1603.33,1413.32,550.84,48.007
5,117,-0.0034,0.0001,100.0,645.84,1601.98,1413.31,550.99,48.083
5,118,0.002,0.0001,100.0,646.2,1599.17,1413.47,551.3,48.055
5,119,-0.0011,0.0003,100.0,645.47,1602.5,1413.37,551.05,48.189
5,120,-0.0007,-0.0,100.0,646.25,1603.43,1414.65,551.0,48.118
5,121,0.0053,0.0001,100.0,645.6,1602.07,1412.79,550.54,48.259
5,122,0.0006,-0.0001,100.0,646.38,1604.66,1414.39,550.5,48.069
5,123,-0.0008,0.0,100.0,645.75,1603.62,1413.12,550.92,48.195
5,124,-0.0044,0.0001,100.0,646.12,1603.37,1413.92,550.39,48.282
5,125,0.0028,-0.0,100.0,646.5,1604.23,1415.23,550.61,47.962
5,126,-0.0027,-0.0004,100.0,645.79,1603.34,1413.66,550.9,48.474
5,127,-0.002,0.0001,100.0,646.01,1599.58,1414.24,550.43,48.195
5,128,-0.0007,0.0001,100.0,646.53,1602.47,1414.36,551.18,47.996
5,129,0.0028,-0.0001,100.0,645.93,1604.98,1414.49,551.04,48.267
5,130,0.0015,-0.0003,100.0,645.44,1602.32,1413.74,550.17,48.262
5,131,-0.0003,0.0003,100.0,647.04,1603.28,1415.7,550.34,48.258
5,132,0.0006,0.0001,100.0,645.9,1602.25,1414.43,549.91,48.425
5,133,-0.0012,-0.0,100.0,646.22,1606.43,1415.12,550.33,48.522
5,134,0.0003,-0.0002,100.0,646.71,1606.44,1415.37,550.77,48.594
5,135,0.0001,-0.0002,100.0,645.95,1602.88,1414.03,550.39,48.738
5,136,0.0019,0.0003,100.0,645.81,1604.52,1415.53,550.63,48.797
5,137,0.0019,0.0,100.0,646.42,1603.45,1415.23,550.01,49.149
5,138,0.001,-0.0001,100.0,645.54,1605.49,1414.32,550.68,48.884
5,139,-0.0007,0.0001,100.0,646.25,1605.48,1415.93,550.25,49.204
5,140,0.0015,-0.0002,100.0,646.53,1606.08,1417.64,550.39,49.321
5,141,-0.0002,0.0003,100.0,646.34,1605.51,1415.04,550.33,49.536
5,142,-0.0022,0.0003,100.0,645.8,1609.56,1415.19,549.95,49.463
5,143,-0.0008,-0.0001,100.0,647.25,1603.75,1416.7,549.96,49.481
5,144,0.0002,-0.0001,100.0,646.62,1602.85,1415.96,550.57,49.835
5,145,0.0018,-0.0005,100.0,647.26,1604.98,1416.82,550.38,49.976
5,146,-0.0004,-0.0003,100.0,646.53,1603.32,1415.66,550.55,50.246
5,147,-0.0024,-0.0003,100.0,646.29,1603.57,1415.92,550.3,50.041
5,148,0.0001,0.0,100.0,646.85,1604.46,1416.05,550.22,50.458
5,149,0.0002,-0.0001,100.0,646.67,1604.72,1417.06,549.64,50.729
5,150,0.0004,-0.0003,100.0,646.28,1604.8,1416.13,550.05,50.526
5,151,0.0018,-0.0001,100.0,647.51,1607.25,1418.09,550.1,50.542
5,152,0.002,0.0001,100.0,646.6,1605.78,1416.43,550.66,50.774
5,153,-0.0012,0.0001,100.0,646.09,1606.43,1415.83,550.26,50.95
5,154,-0.0012,-0.0004,100.0,647.56,1608.28,1418.27,550.49,51.142
5,155,-0.0021,-0.0,100.0,646.77,1605.77,1416.5,550.18,51.129
