timestamp,설비,제어출력,소입로온도
2024-03-01 09:00:00,1,0.426,861.05
2024-03-01 09:00:10,1,0.463,860.99
2024-03-01 09:00:20,1,0.438,861.05
2024-03-01 09:00:30,1,0.445,861.05
2024-03-01 09:00:40,1,0.421,861.11
2024-03-01 09:00:50,1,0.428,861.11
2024-03-01 09:01:00,1,0.405,861.18
2024-03-01 09:01:10,1,0.443,861.11
2024-03-01 09:01:20,1,0.419,861.18
2024-03-01 09:01:30,1,0.423,861.18
2024-03-01 09:01:40,1,0.424,861.19
2024-03-01 09:01:50,1,0.409,861.25
2024-03-01 09:02:00,1,0.417,861.25
2024-03-01 09:02:10,1,0.393,861.31
2024-03-01 09:02:20,1,0.401,861.31
2024-03-01 09:02:40,1,0.409,861.31
2024-03-01 09:02:50,1,0.387,861.38
2024-03-01 09:03:00,1,0.394,861.38
2024-03-01 09:03:10,1,0.402,861.38
2024-03-01 09:03:20,1,0.41,861.38
2024-03-01 09:03:30,1,0.387,861.44
2024-03-01 09:03:40,1,0.395,861.44
2024-03-01 09:03:50,1,0.372,861.5
2024-03-01 09:04:00,1,0.381,861.5
2024-03-01 09:04:10,1,0.388,861.5
2024-03-01 09:04:20,1,0.395,861.5
2024-03-01 09:04:30,1,0.373,861.56
2024-03-01 09:04:40,1,0.351,861.62
2024-03-01 09:04:50,1,0.389,861.56
2024-03-01 09:05:11,1,0.366,861.62
2024-03-01 09:05:18,1,0.401,861.56
2024-03-01 09:05:35,1,0.377,861.62
2024-03-01 09:05:42,1,0.378,861.64
2024-03-01 09:05:49,1,0.385,861.64
2024-03-01 09:06:01,1,0.361,861.7
2024-03-01 09:06:14,1,0.398,861.64
2024-03-01 09:06:17,1,0.374,861.7
2024-03-01 09:06:31,1,0.381,861.7
2024-03-01 09:06:45,1,0.387,861.7
2024-03-01 09:06:40,1,0.392,861.7
2024-03-01 09:06:50,1,0.397,861.7
2024-03-01 09:07:00,1,0.35,861.82
2024-03-01 09:07:10,1,0.386,861.76
2024-03-01 09:07:20,1,0.39,861.76
2024-03-01 09:07:30,1,0.395,861.76
2024-03-01 09:07:40,1,0.368,861.82
2024-03-01 09:08:00,1,0.402,861.76
2024-03-01 09:08:10,1,0.406,861.76
2024-03-01 09:08:20,1,0.381,861.82
2024-03-01 09:08:30,1,0.414,861.76
2024-03-01 09:08:40,1,0.418,861.76
2024-03-01 09:08:50,1,0.42,861.76
2024-03-01 09:09:00,1,0.422,861.76
2024-03-01 09:09:10,1,0.424,861.76
2024-03-01 09:09:20,1,0.427,861.76
2024-03-01 09:09:30,1,0.397,861.82
2024-03-01 09:09:40,1,0.401,861.82
2024-03-01 09:09:50,1,0.404,861.82
2024-03-01 09:11:10,1,0.43,861.78
2024-03-01 09:11:20,1,0.431,861.78
2024-03-01 09:11:30,1,0.432,861.78
2024-03-01 09:11:40,1,0.433,861.78
2024-03-01 09:11:50,1,0.439,861.76
2024-03-01 09:12:00,1,0.438,861.76
2024-03-01 09:12:10,1,0.44,861.76
2024-03-01 09:12:20,1,0.433,861.78
2024-03-01 09:12:30,1,0.432,861.78
2024-03-01 09:12:40,1,0.433,861.78
2024-03-01 09:12:50,1,0.462,861.71
2024-03-01 09:13:00,1,0.46,861.71
2024-03-01 09:13:10,1,0.458,861.71
2024-03-01 09:13:20,1,0.455,861.71
2024-03-01 09:13:30,1,0.483,861.65
2024-03-01 09:13:40,1,0.481,861.65
2024-03-01 09:13:50,1,0.478,861.65
2024-03-01 09:14:00,1,0.474,861.65
2024-03-01 09:14:10,1,0.5,861.59
2024-03-01 09:14:20,1,0.496,861.59
2024-03-01 09:14:30,1,0.55,861.46
2024-03-01 09:14:50,1,0.515,861.53
2024-03-01 09:15:00,1,0.509,861.53
2024-03-01 09:15:10,1,0.534,861.46
2024-03-01 09:15:20,1,0.528,861.46
2024-03-01 09:15:30,1,0.55,861.4
2024-03-01 09:15:40,1,0.563,861.35
2024-03-01 09:15:50,1,0.556,861.35
2024-03-01 09:16:00,1,0.548,861.35
2024-03-01 09:16:10,1,0.57,861.29
2024-03-01 09:16:20,1,0.561,861.29
2024-03-01 09:16:30,1,0.583,861.23
2024-03-01 09:16:40,1,0.594,861.16
2024-03-01 09:16:50,1,0.613,861.1
2024-03-01 09:17:00,1,0.602,861.1
2024-03-01 09:17:10,1,0.622,861.04
2024-03-01 09:17:20,1,0.61,861.04
2024-03-01 09:17:30,1,0.629,860.98
2024-03-01 09:17:40,1,0.647,860.92
2024-03-01 09:17:50,1,0.634,860.92
2024-03-01 09:18:00,1,0.651,860.85
2024-03-01 09:18:10,1,0.697,860.73
2024-03-01 09:18:20,1,0.652,860.79
2024-03-01 09:18:30,1,0.669,860.73
2024-03-01 09:18:40,1,0.656,860.73
2024-03-01 09:18:50,1,0.673,860.67
2024-03-01 09:19:00,1,0.69,860.6
2024-03-01 09:19:10,1,0.676,860.6
2024-03-01 09:19:20,1,0.691,860.54
2024-03-01 09:19:30,1,0.701,860.49
2024-03-01 09:19:40,1,0.746,860.37
2024-03-01 09:19:50,1,0.73,860.37
2024-03-01 09:20:00,1,0.713,860.37
2024-03-01 09:20:10,1,0.757,860.24
2024-03-01 09:20:20,1,0.739,860.24
2024-03-01 09:20:30,1,0.787,860.11
2024-03-01 09:20:40,1,0.768,860.11
2024-03-01 09:20:50,1,0.75,860.11
2024-03-01 09:21:00,1,0.763,860.04
2024-03-01 09:21:10,1,0.768,860.0
2024-03-01 09:21:20,1,0.78,859.93
2024-03-01 09:21:30,1,0.777,859.87
2024-03-01 09:21:40,1,0.766,859.87
2024-03-01 09:21:50,1,0.779,859.81
2024-03-01 09:22:10,1,0.762,859.81
2024-03-01 09:22:20,1,0.8,859.68
2024-03-01 09:22:30,1,0.8,859.62
2024-03-01 09:22:40,1,0.798,859.62
2024-03-01 09:22:50,1,0.8,859.57
2024-03-01 09:23:00,1,0.8,859.51
2024-03-01 09:23:10,1,0.8,859.45
2024-03-01 09:23:20,1,0.8,859.38
2024-03-01 09:23:30,1,0.8,859.31
2024-03-01 09:23:40,1,0.8,859.31
2024-03-01 09:23:50,1,0.8,859.25
2024-03-01 09:24:00,1,0.8,859.2
2024-03-01 09:24:10,1,0.8,859.14
2024-03-01 09:24:20,1,0.775,859.26
2024-03-01 09:24:30,1,0.8,859.14
2024-03-01 09:24:40,1,0.799,859.14
2024-03-01 09:24:50,1,0.8,859.07
2024-03-01 09:25:00,1,0.8,858.89
2024-03-01 09:25:10,1,0.8,858.82
2024-03-01 09:25:20,1,0.8,858.76
2024-03-01 09:25:30,1,0.8,858.76
2024-03-01 09:25:40,1,0.8,858.7
2024-03-01 09:25:50,1,0.8,858.7
2024-03-01 09:26:00,1,0.8,858.64
2024-03-01 09:26:10,1,0.8,858.58
2024-03-01 09:26:20,1,0.8,858.58
2024-03-01 09:26:30,1,0.774,858.7
2024-03-01 09:26:40,1,0.8,858.58
2024-03-01 09:26:50,1,0.8,858.39
2024-03-01 09:27:00,1,0.8,858.45
2024-03-01 09:27:10,1,0.8,858.26
2024-03-01 09:27:20,1,0.8,858.26
2024-03-01 09:27:30,1,0.8,858.2
2024-03-01 09:27:40,1,0.8,858.2
2024-03-01 09:27:50,1,0.8,858.14
2024-03-01 09:28:00,1,0.8,858.08
2024-03-01 09:28:10,1,0.8,858.14
2024-03-01 09:28:30,1,0.8,858.09
2024-03-01 09:28:40,1,0.8,858.03
2024-03-01 09:28:50,1,0.8,857.97
2024-03-01 09:29:00,1,0.8,857.95
2024-03-01 09:29:10,1,0.8,857.83
2024-03-01 09:29:20,1,0.8,857.83
2024-03-01 09:29:30,1,0.8,857.77
2024-03-01 09:29:40,1,0.8,857.78
2024-03-01 09:29:50,1,0.8,857.72
2024-03-01 09:30:00,1,0.8,857.66
2024-03-01 09:30:10,1,0.8,857.66
2024-03-01 09:30:20,1,0.8,857.59
2024-03-01 09:30:30,1,0.8,857.53
2024-03-01 09:30:40,1,0.8,857.53
2024-03-01 09:30:50,1,0.8,857.47
2024-03-01 09:31:00,1,0.8,857.47
2024-03-01 09:31:10,1,0.8,857.41
2024-03-01 09:31:20,1,0.8,857.41
2024-03-01 09:31:30,1,0.8,857.34
2024-03-01 09:31:40,1,0.8,857.34
2024-03-01 09:31:50,1,0.8,857.3
2024-03-01 09:32:00,1,0.8,857.23
2024-03-01 09:32:10,1,0.8,857.23
2024-03-01 09:32:20,1,0.8,857.16
2024-03-01 09:32:30,1,0.8,857.16
2024-03-01 09:32:40,1,0.8,857.16
2024-03-01 09:32:50,1,0.8,857.1
2024-03-01 09:33:00,1,0.8,857.11
2024-03-01 09:33:10,1,0.8,857.05
